"window_id","time_sec","seconds_in_image_window","x","y","velocity","fixation_candidate","x_plot","y_plot"
1,96,0,0.484664553347839,0.00566287899573456,NA,FALSE,0.62116613833696,0.498584280251066
1,96.01,0.0100000000000051,0.508189016664923,-0.00538889241899021,NA,FALSE,0.627047254166231,0.501347223104748
1,96.02,0.019999999999996,0.584889950570243,-0.0122053697160679,NA,FALSE,0.646222487642561,0.503051342429017
1,96.03,0.0300000000000011,0.603002649181445,-0.00561008230726312,NA,FALSE,0.650750662295361,0.501402520576816
1,96.04,0.0400000000000063,0.606997700733823,-0.00513244195728184,NA,FALSE,0.651749425183456,0.50128311048932
1,96.05,0.0499999999999972,0.61993392875679,-0.00324303690141825,NA,FALSE,0.654983482189197,0.500810759225355
1,96.06,0.0600000000000023,0.606046627367991,-0.0201771612573195,0.801779970699932,TRUE,0.651511656841998,0.50504429031433
1,96.07,0.0699999999999932,0.563453443626251,0.00430047909266165,0.756902041750185,TRUE,0.640863360906563,0.498924880226835
1,96.08,0.0799999999999983,0.530507318708041,0.00336635473676043,0.572209857020425,TRUE,0.63262682967701,0.49915841131581
1,96.09,0.0900000000000034,0.550267076142772,7.9289204388642e-05,0.4881487674814,TRUE,0.637566769035693,0.499980177698903
1,96.1,0.0999999999999943,0.539438598283385,0.017733400142605,0.518115261601644,TRUE,0.634859649570846,0.495566649964349
1,96.11,0.109999999999999,0.57096306160047,0.0238580993161156,0.490405906499425,TRUE,0.642740765400117,0.494035475170971
1,96.12,0.120000000000005,0.58836987785873,0.0170416220190377,0.446850678803505,TRUE,0.647092469464683,0.495739594495241
1,96.13,0.129999999999995,0.587188458822873,0.0506957329572542,0.667205559248777,TRUE,0.646797114705718,0.487326066760686
1,96.14,0.140000000000001,0.59612468684584,0.0476439615425294,1.13838539044032,TRUE,0.64903117171146,0.488089009614368
1,96.15,0.150000000000006,0.596825620751159,0.0509451313042753,1.20255052080471,TRUE,0.64920640518779,0.487263717173931
1,96.16,0.159999999999997,0.590938319362361,0.0422463010660213,0.918560604031174,TRUE,0.64773457984059,0.489438424733495
1,96.17,0.170000000000002,0.592109841502975,0.0269592355336496,0.744699502808469,TRUE,0.648027460375744,0.493260191116588
1,96.18,0.180000000000007,0.636810775408294,0.00202511117774851,0.648480481294612,TRUE,0.659202693852074,0.499493722205563
1,96.19,0.189999999999998,0.653747003431261,0.0255615750571415,0.280564610491404,TRUE,0.663436750857815,0.493609606235715
1,96.2,0.200000000000003,0.676330290277756,0.0401568624659463,0.34104343897566,TRUE,0.669082572569439,0.489960784383513
1,96.21,0.209999999999994,0.632090047712488,0.0580462675218097,0.629164908752462,TRUE,0.658022511928122,0.485488433119548
1,96.22,0.219999999999999,0.649261569853101,0.0479356725776732,0.429648412691052,TRUE,0.662315392463275,0.488016081855582
1,96.23,0.230000000000004,0.641491915523126,0.0646486070453012,0.726014986567677,TRUE,0.660372978880782,0.483837848238675
1,96.24,0.239999999999995,0.617016378840211,0.0427733062188118,0.695657338889532,TRUE,0.654254094710053,0.489306673445297
1,96.25,0.25,0.617952606863177,0.0171332995099693,0.587127555116605,TRUE,0.654488151715794,0.495716675122508
1,96.26,0.260000000000005,0.657477070180261,0.0176109398599506,0.562164837772085,TRUE,0.664369267545065,0.495597265035012
1,96.27,0.269999999999996,0.635119180556168,0.05902975668052,0.440035358744556,TRUE,0.658779795139042,0.48524256082987
1,96.28,0.280000000000001,0.664055408579135,0.0616250440893246,0.862079565803335,TRUE,0.666013852144784,0.484593738977669
1,96.29,0.290000000000006,0.667815166013866,0.0719850373804821,0.779797531427134,TRUE,0.666953791503466,0.48200374065488
1,96.3,0.299999999999997,0.672751394036832,0.0872862071422281,1.05962283297913,TRUE,0.668187848509208,0.478178448214443
1,96.31,0.310000000000002,0.66074644558921,0.0999991416098563,1.21779893250855,TRUE,0.665186611397303,0.475000214597536
1,96.32,0.319999999999993,0.643094438318059,0.105182664312779,1.76882331625794,TRUE,0.660773609579515,0.473704333921805
1,96.33,0.329999999999998,0.577677725164555,0.110130892898054,1.21211902978984,TRUE,0.644419431291139,0.472467276775486
1,96.34,0.340000000000003,0.570613953187521,0.112961474424506,1.43393200895042,TRUE,0.64265348829688,0.471759631393874
1,96.35,0.349999999999994,0.534844298857546,0.125439114774487,1.7146315674643,TRUE,0.633711074714387,0.468640221306378
1,96.36,0.359999999999999,0.539780526880513,0.125916755124468,1.78494026874815,TRUE,0.634945131720128,0.468520811218883
1,96.37,0.370000000000005,0.504010872550538,0.137217924886214,1.5116265905516,TRUE,0.626002718137635,0.465695518778447
1,96.38,0.379999999999995,0.521182394691151,0.128283800530313,1.39333830496494,TRUE,0.630295598672788,0.467929049867422
1,96.39,0.390000000000001,0.52188332859647,0.129937911468529,0.941419837871153,TRUE,0.630470832149118,0.467515522132868
1,96.4,0.400000000000006,0.485878380148849,0.121709669465569,0.545627852978545,TRUE,0.621469595037212,0.469572582633608
1,96.41,0.409999999999997,0.477167549348286,0.104540250992021,0.448582327460122,TRUE,0.619291887337071,0.473864937251995
1,96.42,0.420000000000002,0.494574365606547,0.10595906781259,0.320126123147693,TRUE,0.623643591401637,0.473510233046852
1,96.43,0.430000000000007,0.491275299511866,0.126201414044924,0.174218879240529,TRUE,0.622818824877966,0.468449646488769
1,96.44,0.439999999999998,0.475035056946597,0.123855524983141,0.780624401117448,TRUE,0.618758764236649,0.469036118754215
1,96.45,0.450000000000003,0.521618343793093,0.147627282980181,0.794377815671848,TRUE,0.630404585948273,0.463093179254955
1,96.46,0.459999999999994,0.512201630639589,0.169281393918397,0.476448547702732,TRUE,0.628050407659897,0.457679651520401
1,96.47,0.469999999999999,0.528196682191967,0.159170798974261,0.656608084029355,TRUE,0.632049170547992,0.460207300256435
1,96.48,0.480000000000004,0.518074086685522,0.15023667461836,0.896072440690868,TRUE,0.62951852167138,0.46244083134541
1,96.49,0.489999999999995,0.455951491179076,0.184126079674223,1.1897912135062,TRUE,0.613987872794769,0.453968480081444
1,96.5,0.5,0.436417130966748,0.14813313178891,1.5301664291036,TRUE,0.609104282741687,0.462966717052772
1,96.51,0.510000000000005,0.43617688840148,0.105081360374185,1.99000804873975,TRUE,0.60904422210037,0.473729659906454
1,96.52,0.519999999999996,0.411701351718564,0.0740295889594607,2.31311185288381,TRUE,0.602925337929641,0.481492602760135
1,96.53,0.530000000000001,0.401814050329766,0.0726248763682653,2.62885073255491,TRUE,0.600453512582441,0.481843780907934
1,96.54,0.540000000000006,0.415220866588026,0.0196907520123641,2.7184676244607,TRUE,0.603805216647007,0.495077311996909
1,96.55,0.549999999999997,0.400157094610993,-0.0268904311670665,2.75295146091655,TRUE,0.600039273652748,0.506722607791767
1,96.56,0.560000000000002,0.428858028516311,-0.0506480849347325,2.31823704835682,TRUE,0.607214507129078,0.512662021233683
1,96.57,0.569999999999993,0.421088374186336,-0.0682880916435751,1.92134312816753,TRUE,0.605272093546584,0.517072022910894
1,96.58,0.579999999999998,0.412142249268126,-0.10569280423477,1.68321844846985,TRUE,0.603035562317032,0.526423201058693
1,96.59,0.590000000000003,0.428607889055798,-0.135097516825966,1.90994540329796,TRUE,0.60715197226395,0.533774379206491
1,96.6,0.599999999999994,0.421544117078765,-0.116737523534808,1.9121676440798,TRUE,0.605386029269691,0.529184380883702
1,96.61,0.609999999999999,0.328362698042908,-0.0828481184789443,2.43225858633089,TRUE,0.582090674510727,0.520712029619736
1,96.62,0.620000000000005,0.366945984889404,-0.0946057722466101,2.63602512367219,TRUE,0.591736496222351,0.523651443061653
1,96.63,0.629999999999995,0.363411624677077,-0.104716367190747,2.82794594819128,TRUE,0.590852906169269,0.526179091797687
1,96.64,0.640000000000001,0.433524323288278,-0.13506225625253,2.58543642108413,TRUE,0.60838108082207,0.533765564063132
1,96.65,0.650000000000006,0.494695845428892,-0.175055204137843,2.3289523407693,TRUE,0.623673961357223,0.543763801034461
1,96.66,0.659999999999997,0.555867367569505,-0.244459916729038,2.6626351143718,TRUE,0.638966841892376,0.56111497918226
1,96.67,0.670000000000002,0.54739183088659,-0.315276394026116,3.39478485133218,FALSE,0.636847957721647,0.578819098506529
1,96.68,0.680000000000007,0.576328058909555,-0.337857577205547,3.34188813435296,FALSE,0.644082014727389,0.584464394301387
1,96.69,0.689999999999998,0.556793698697228,-0.350556407443801,3.20427726973899,FALSE,0.639198424674307,0.58763910186095
1,96.7,0.700000000000003,0.569024044367253,-0.349372884740879,2.39743864258907,TRUE,0.642256011091813,0.58734322118522
1,96.71,0.709999999999994,0.612548507684337,-0.338777597332074,2.00949859964439,TRUE,0.653137126921084,0.584694399333018
1,96.72,0.719999999999999,0.628778853354362,-0.304652898158563,1.47890833506106,TRUE,0.65719471333859,0.576163224539641
1,96.73,0.730000000000004,0.628303316671446,-0.35311643427917,1.08047676139593,TRUE,0.657075829167862,0.588279108569792
1,96.74,0.739999999999995,0.610886603517942,-0.355697617458601,1.04775698765789,TRUE,0.652721650879485,0.58892440436465
1,96.75,0.75,0.591116949187968,-0.346514094755679,1.36180582843295,TRUE,0.647779237296992,0.58662852368892
1,96.76,0.760000000000005,0.60993553015211,-0.363683513229227,1.11932889153288,TRUE,0.652483882538028,0.590920878307307
1,96.77,0.769999999999996,0.610871758175077,-0.397558814055716,1.02771538223005,TRUE,0.652717939543769,0.599389703513929
1,96.78,0.780000000000001,0.635572692080396,-0.394963526646912,2.33231174622836,TRUE,0.658893173020099,0.598740881661728
1,96.79,0.790000000000006,0.68239127304454,-0.382956474532225,2.47753677658709,TRUE,0.670597818261135,0.595739118633056
1,96.8,0.799999999999997,0.6757980893028,-0.441537657711655,2.15062816895814,TRUE,0.6689495223257,0.610384414427914
1,96.81,0.810000000000002,0.647087258502237,-0.44458942912638,2.1048837833388,TRUE,0.661771814625559,0.611147357281595
1,96.82,0.819999999999993,0.637435251231085,-0.449052965246987,2.65536674315711,TRUE,0.659358812807771,0.612263241311747
1,97.17,1.17,0.392085584976086,-0.403629670644706,0.0747939168281887,TRUE,0.598021396244021,0.600907417661176
1,97.18,1.18000000000001,0.359374754175523,-0.397269677353548,2.91481303354062,TRUE,0.589843688543881,0.599317419338387
1,97.19,1.19,0.381252158669079,-0.41255674288592,3.69093252715479,FALSE,0.59531303966727,0.60313918572148
1,97.2,1.2,0.393482504339104,-0.46713792606535,3.67818111665064,FALSE,0.598370626084776,0.616784481516338
1,97.21,1.20999999999999,0.354183438244423,-0.504777932774193,3.67567994456193,FALSE,0.588545859561106,0.626194483193548
1,97.22,1.22,0.358413783914449,-0.536064998306565,3.51574964726237,FALSE,0.589603445978612,0.634016249576641
1,97.23,1.23,0.356997070760944,-0.553705005015407,2.02191777843838,TRUE,0.589249267690236,0.638426251253852
1,97.24,1.23999999999999,0.324992122313322,-0.575580305841896,2.00790106816877,TRUE,0.58124803057833,0.643895076460474
1,97.25,1.25,0.290869526806876,-0.566161489021327,1.88977225514582,TRUE,0.572717381701719,0.641540372255332
1,97.26,1.26000000000001,0.259805754829843,-0.560742672200758,1.70079821346881,TRUE,0.564951438707461,0.640185668050189
1,97.27,1.27,0.269918453441045,-0.569441502439012,1.66333915560769,TRUE,0.567479613360261,0.642360375609753
1,97.28,1.28,0.251560563816952,-0.576022685618442,1.67555848542529,TRUE,0.562890140954238,0.64400567140461
1,97.29,1.29000000000001,0.236026203604625,-0.580486221739049,2.06085889080558,TRUE,0.559006550901156,0.645121555434762
1,97.3,1.3,0.241668313980532,-0.566596816683186,1.99206013403139,TRUE,0.560417078495133,0.641649204170797
1,97.31,1.31,0.251075130238793,-0.588472117509675,1.80513210146864,TRUE,0.562768782559698,0.647118029377419
1,97.32,1.31999999999999,0.195305475908818,-0.5955238889244,1.70331015932163,TRUE,0.548826368977205,0.6488809722311
1,97.33,1.33,0.191771115696491,-0.614810954456772,1.72922097934733,TRUE,0.547942778924123,0.653702738614193
1,97.34,1.34,0.136001461366516,-0.604215667047967,1.49039234474481,TRUE,0.534000365341629,0.651053916761992
1,97.35,1.34999999999999,0.118584748213012,-0.649149791403868,1.51395728582277,TRUE,0.529646187053253,0.662287447850967
1,97.36,1.36,0.106815093883037,-0.640672151053887,1.60978711947577,TRUE,0.526703773470759,0.660168037763472
1,97.37,1.37,0.0992807336707088,-0.657370981292141,1.39028055441749,TRUE,0.524820183417677,0.664342745323035
1,97.38,1.38,0.094805196987793,-0.643716870353925,0.768984147162054,TRUE,0.523701299246948,0.660929217588481
1,97.39,1.39,0.112447307363701,-0.662768641768649,0.42063741282007,TRUE,0.528111826840925,0.665692160442162
1,97.4,1.40000000000001,0.0839717706807846,-0.648408648477492,0.520561127008701,TRUE,0.520992942670196,0.662102162119373
1,97.41,1.41,0.0903197634096337,-0.658519243421628,0.659108698998957,TRUE,0.522579940852408,0.664629810855407
1,97.42,1.42,0.113138344373777,-0.654512191306941,0.671871618922625,TRUE,0.528284586093444,0.663628047826735
1,97.43,1.43000000000001,0.124192219455567,-0.641328668604019,0.717962788411413,TRUE,0.531048054863892,0.660332167151005
1,97.44,1.44,0.157834329831475,-0.64626279295992,0.71026621446216,TRUE,0.539458582457869,0.66156569823998
1,97.45,1.45,0.188652910795617,-0.626726329080527,0.868350392756679,TRUE,0.547163227698904,0.656681582270132
1,97.46,1.45999999999999,0.182765609406819,-0.615425159318782,0.935311083211778,TRUE,0.545691402351705,0.653856289829695
1,97.47,1.47,0.164878308018021,-0.5949475189688,1.1027530699238,TRUE,0.541219577004505,0.6487368797422
1,97.48,1.48,0.157814536040987,-0.604352231559996,1.2436065682527,TRUE,0.539453634010247,0.651088057889999
1,97.49,1.49,0.117809587593365,-0.56905106179825,1.17278184924745,TRUE,0.529452396898341,0.642262765449563
1,97.5,1.5,0.150510521498684,-0.575161656742387,1.32528411228708,TRUE,0.537627630374671,0.643790414185597
1,97.51,1.51,0.141564396580474,-0.5631546046277,1.3845791673036,TRUE,0.535391099145118,0.640788651156925
1,97.52,1.52,0.136147683426969,-0.546206376042424,1.13174607682699,TRUE,0.534036920856742,0.636551594010606
1,97.53,1.53,0.146966264391112,-0.52196402981009,1.13136485722358,TRUE,0.536741566097778,0.630491007452523
1,97.54,1.54000000000001,0.164137786531726,-0.518662860048344,1.05221465571216,TRUE,0.541034446632932,0.629665715012086
1,97.55,1.55,0.122721073378222,-0.50477345499248,0.973325388141811,TRUE,0.530680268344556,0.62619336374812
1,97.56,1.56,0.124127889636483,-0.488766402877793,0.97324767556169,TRUE,0.531031972409121,0.622191600719448
1,97.57,1.56999999999999,0.13541705883592,-0.500288762527812,0.871400599193213,TRUE,0.53385426470898,0.625072190631953
1,97.58,1.58,0.103176816270651,-0.486869945707243,0.539355163923721,TRUE,0.525794204067663,0.621717486426811
1,97.59,1.59,0.118936573705382,-0.49533348182785,0.374982582352374,TRUE,0.529734143426346,0.623833370456963
1,97.6,1.59999999999999,0.102461037022466,-0.463091135595516,0.262527377994485,TRUE,0.525615259255616,0.615772783898879
1,97.61,1.61,0.113750206221903,-0.474613495245535,0.155147044610264,TRUE,0.528437551555476,0.618653373811384
1,97.62,1.62,0.134686434244869,-0.467547619601436,0.517797712947197,TRUE,0.533671608561217,0.616886904900359
1,97.63,1.63,0.129034426973718,-0.487305273369102,0.421899952072838,TRUE,0.53225860674343,0.621826318342276
1,97.64,1.64,0.114911831467273,-0.496004103607356,0.457776797643354,TRUE,0.528727957866818,0.624001025901839
1,97.65,1.65000000000001,0.13655394184318,-0.510114698551493,0.7281333165614,TRUE,0.534138485460795,0.627528674637873
1,97.66,1.66,0.105960758101441,-0.507989999377982,0.702594074095429,TRUE,0.52649018952536,0.626997499844496
1,97.67,1.67,0.096073456712643,-0.538335888439766,0.702426740805032,TRUE,0.524018364178161,0.634583972109941
1,97.68,1.68000000000001,0.103127331794433,-0.533622953972138,0.79398983844742,TRUE,0.525781832948608,0.633405738493034
1,97.69,1.69,0.0744165009938698,-0.528204137151568,0.650060192891214,TRUE,0.518604125248467,0.632051034287892
1,97.7,1.7,0.054411552546248,-0.542785320330998,0.818794756692398,TRUE,0.513602888136562,0.63569633008275
1,97.71,1.70999999999999,0.0713477805692143,-0.533837091745723,1.0950886436878,TRUE,0.517836945142304,0.633459272936431
1,97.72,1.72,0.0407545968274746,-0.49994768668986,0.593256490295395,TRUE,0.510188649206869,0.624986921672465
1,97.73,1.73,0.0511025895563236,-0.492881811045761,0.491214811700213,TRUE,0.512775647389081,0.62322045276144
1,97.74,1.74,0.059097641108702,-0.47240417069578,0.620435465035134,TRUE,0.514774410277176,0.618101042673945
1,97.75,1.75,0.0426221044257861,-0.442279471522269,0.43277324302877,TRUE,0.510655526106446,0.610569867880567
1,97.76,1.76,0.0329700971546348,-0.448625360584053,0.38734954319197,TRUE,0.508242524288659,0.612156340146013
1,97.77,1.77,0.0466122075305425,-0.480853602587013,0.644459258992666,TRUE,0.511653051882636,0.620213400646753
1,97.78,1.78,0.0451954943770382,-0.520140668119385,0.587122034618007,TRUE,0.51129887359426,0.630035167029846
1,97.79,1.79000000000001,0.0360140753411809,-0.546015968945874,0.648557630623981,TRUE,0.509003518835295,0.636503992236468
1,97.8,1.8,0.0440091268935589,-0.564832446242951,0.988119351148539,TRUE,0.51100228172339,0.641208111560738
1,97.81,1.81,0.0284747666812315,-0.576590100010617,1.16891531606161,TRUE,0.507118691670308,0.644147525002654
1,97.82,1.81999999999999,0.000469818233609587,-0.535171283190048,1.37900636162962,TRUE,0.500117454558402,0.633792820797512
1,97.83,1.83,-0.0237704243316593,-0.502693642840067,1.41923526353645,TRUE,0.494057393917085,0.625673410710017
1,97.84,1.84,-0.0195400786616339,-0.482921884843027,1.46465104145974,TRUE,0.495114980334592,0.620730471210757
1,97.85,1.84999999999999,-0.0350744388739617,-0.526679538610693,0.841730883547769,TRUE,0.49123139028151,0.631669884652673
1,97.86,1.86,-0.0202558579098188,-0.554437192378359,1.18161512397688,TRUE,0.494936035522545,0.63860929809459
1,97.87,1.87,-0.0120255122397936,-0.593488963793084,1.29757974166228,TRUE,0.496993621940052,0.648372240948271
1,97.88,1.88,-0.0221481077462389,-0.621011323443103,1.24703523849657,TRUE,0.49446297306344,0.655252830860776
1,97.89,1.89,-0.0499177620762136,-0.650180741916651,0.95713089265287,TRUE,0.487520559480947,0.662545185479163
1,97.9,1.90000000000001,-0.0205109458179528,-0.619350160390199,1.3330690904288,TRUE,0.494872263545512,0.65483754009755
1,97.91,1.91,-0.0819276589714573,-0.596990167099041,0.726617285276351,TRUE,0.479518085257136,0.64924754177476
1,97.92,1.92,-0.114167901536726,-0.581688997337296,0.79823201331083,TRUE,0.471458024615818,0.645422249334324
1,97.93,1.93000000000001,-0.134643438219642,-0.558858415810844,1.15951610790699,TRUE,0.46633914044509,0.639714603952711
1,97.94,1.94,-0.121942504314323,-0.540733716637333,1.53811703816903,TRUE,0.469514373921419,0.635183429159333
1,97.95,1.95,-0.160300393938415,-0.524020782169705,1.81641752475834,TRUE,0.459924901515396,0.631005195542426
1,97.96,1.95999999999999,-0.11042298944486,-0.500013730055018,1.89223571718938,TRUE,0.472394252638785,0.625003432513755
1,97.97,1.97,-0.088780879068953,-0.499536089705037,1.68563616725765,TRUE,0.477804780232762,0.624884022426259
1,97.98,1.98,-0.0901975922224573,-0.492705508178585,1.33534534538163,TRUE,0.477450601944386,0.623176377044646
1,97.99,1.99,-0.105261364199491,-0.473639632534486,1.24376382899303,TRUE,0.473684658950127,0.618409908133622
1,98,2,-0.120560430294171,-0.463279639243329,0.96079310568975,TRUE,0.469859892426457,0.615819909810832
1,98.01,2.01,-0.146447731682969,-0.453625528305112,0.722237634105961,TRUE,0.463388067079258,0.613406382076278
1,98.02,2.02,-0.167393856601179,-0.43244200560219,0.54506535346811,TRUE,0.458151535849705,0.608110501400547
1,98.03,2.03,-0.125751746225271,-0.435258482899267,0.83936233695761,TRUE,0.468562063443682,0.608814620724817
1,98.04,2.04000000000001,-0.143168459378775,-0.422310254313992,0.882626850331277,TRUE,0.464207885155306,0.605577563578498
1,98.05,2.05,-0.106467525473456,-0.436185555140482,0.981485522802017,TRUE,0.473383118631636,0.60904638878512
1,98.06,2.06,-0.141766591568137,-0.446766738319912,1.09268691133158,TRUE,0.464558352107966,0.611691684579978
1,98.07,2.06999999999999,-0.106712716486347,-0.440171450911108,1.40818425795765,TRUE,0.473321820878413,0.610042862727777
1,98.08,2.08,-0.149305900228087,-0.42981145761995,1.51295763840289,TRUE,0.462673524942978,0.607452864404987
1,98.09,2.09,-0.149310848675708,-0.41568675844644,1.60348298541707,TRUE,0.462672287831073,0.60392168961161
1,98.1,2.09999999999999,-0.142727561829212,-0.372385588684693,1.58634799162082,TRUE,0.464318109542697,0.593096397171173
1,98.11,2.11,-0.102967804394482,-0.344378536570006,1.96846692815276,TRUE,0.47425804890138,0.586094634142502
1,98.12,2.12,-0.15850216460681,-0.299195013867084,2.08509016475682,TRUE,0.460374458848298,0.574798753466771
1,98.13,2.13,-0.147683583642667,-0.267187961752397,2.55445014583314,TRUE,0.463079104089333,0.566796990438099
1,98.14,2.14,-0.157570885031465,-0.261769144931828,2.53152512020964,TRUE,0.460607278742134,0.565442286232957
1,98.15,2.15000000000001,-0.205105245243793,-0.259173857523023,2.73744819095298,TRUE,0.448723688689052,0.564793464380756
1,98.16,2.16,-0.214992546632591,-0.248813864231865,2.9775007546266,TRUE,0.446251863341852,0.562203466057966
1,98.17,2.17,-0.207938671550801,-0.227159753293649,2.85148513087007,TRUE,0.4480153321123,0.556789938323412
1,98.18,2.18000000000001,-0.236884796469012,-0.191152701178962,2.51398409856158,TRUE,0.440778800882747,0.54778817529474
1,98.19,2.19,-0.218536803740163,-0.160086825534863,2.43003210996555,TRUE,0.445365799064959,0.540021706383716
1,98.2,2.2,-0.232188811011314,-0.126197420479,2.62872959837313,TRUE,0.441952797247172,0.53154935511975
1,98.21,2.20999999999999,-0.271252582988347,-0.0711315448349009,2.4826210486291,TRUE,0.432186854252913,0.517782886208725
1,98.22,2.22,-0.260669296141851,-0.0732421397790373,2.78977893047853,TRUE,0.434832675964537,0.518310534944759
1,98.23,2.23,-0.289380126942414,-0.055588028840821,2.73697279476823,TRUE,0.427654968264396,0.513897007210205
1,98.24,2.24,-0.299738016566507,-0.0473456826084867,2.79765122479617,TRUE,0.425065495858373,0.511836420652122
1,98.25,2.25,-0.294095906190599,-0.00686804225850555,2.43807086851433,TRUE,0.42647602345235,0.501717010564626
1,98.26,2.26,-0.28539497228528,0.00184489220912277,2.38318906506083,TRUE,0.42865125692868,0.499538776947719
1,98.27,2.27,-0.300694038379961,0.0458519443238098,2.03589576670816,TRUE,0.42482649040501,0.488537013919048
1,98.28,2.28,-0.282816633886406,0.0644472317326144,2.3215919226161,TRUE,0.429295841528398,0.483888192066846
1,98.29,2.29000000000001,-0.328703935275204,0.102571930906125,2.0184538774361,TRUE,0.417824016181199,0.474357017273469
1,98.3,2.3,-0.313885354311062,0.0905789830208121,2.50152556325594,TRUE,0.421528661422235,0.477355254244797
1,98.31,2.31,-0.345184420405742,0.110350741017852,2.3455475586744,TRUE,0.413703894898564,0.472412314745537
1,98.32,2.31999999999999,-0.38071878061807,0.124240146073716,2.64483616864956,TRUE,0.404820304845482,0.468939963481571
1,98.33,2.33,-0.374135493771574,0.155541315835461,2.29845367101381,TRUE,0.406466126557107,0.461114671041135
1,98.34,2.34,-0.366846324572137,0.152489544420737,2.53520482826777,TRUE,0.408288418856966,0.461877613894816
1,98.35,2.34999999999999,-0.42991009654917,0.195084831829541,2.33492506065327,TRUE,0.392522475862707,0.451228792042615
1,98.36,2.36,-0.435091515585027,0.209209531003052,2.76193492106407,TRUE,0.391227121103743,0.447697617249237
1,98.37,2.37,-0.457684699326766,0.23627540664715,2.40276558831631,TRUE,0.385578825168308,0.440931148338212
1,98.38,2.38,-0.488513177186153,0.215105988173602,2.29390607431721,TRUE,0.377871705703462,0.446223502956599
1,98.39,2.39,-0.490635772692598,0.250407157935348,2.3990714263306,TRUE,0.37734105682685,0.437398210516163
1,98.4,2.40000000000001,-0.517228956434338,0.277002445344153,1.99368259553497,TRUE,0.370692760891416,0.430749388663962
1,98.41,2.41,-0.51723390488196,0.316303615105899,1.4426252362973,TRUE,0.37069152377951,0.420924096223525
1,98.42,2.42,-0.509944735682523,0.317016549573527,1.5317306547804,TRUE,0.372513816079369,0.420745862606618
1,98.43,2.43000000000001,-0.478655566483086,0.356788307570567,1.5507086867957,TRUE,0.380336108379228,0.410802923107358
1,98.44,2.44,-0.491601691401296,0.391854183214666,1.78437838032579,TRUE,0.377099577149676,0.402036454196333
1,98.45,2.45,-0.433959581025389,0.361273000035235,1.72191564149101,TRUE,0.391510104743653,0.409681749991191
1,98.46,2.45999999999999,-0.447376294178893,0.352809463914628,1.63911168803582,TRUE,0.388155926455277,0.411797634021343
1,98.47,2.47,-0.452322419097102,0.376816516029315,1.07887723155974,TRUE,0.386919395225724,0.405795870992671
1,98.48,2.48,-0.509033249897665,0.398941215202826,1.01593062929561,TRUE,0.372741687525584,0.400264696199294
1,98.49,2.49,-0.507391139521758,0.410477679082219,0.449841518263299,TRUE,0.373152215119561,0.397380580229445
1,98.5,2.5,-0.533278440910556,0.4349553194322,0.390263766086924,TRUE,0.366680389772361,0.39126117014195
1,98.51,2.51,-0.533048095240531,0.456609430370416,0.603516716077469,TRUE,0.366737976189867,0.385847642407396
1,98.52,2.52,-0.515641278982271,0.434969423661574,0.99291750737548,TRUE,0.371089680254432,0.391257644084607
1,98.53,2.53,-0.470469756841657,0.421564711070379,0.690216735431364,TRUE,0.382382560789586,0.394608822232405
1,98.54,2.54000000000001,-0.464357058230456,0.404159998479183,1.11211174711515,TRUE,0.383910735442386,0.398960000380204
1,98.55,2.55,-0.45777377138396,0.418284697652694,1.28440279925239,TRUE,0.38555655715401,0.395428825586827
1,98.56,2.56,-0.416602249243346,0.425350573296793,1.08322438642266,TRUE,0.395849437689163,0.393662356675802
1,98.57,2.56999999999999,-0.414254256514498,0.456887037176186,1.0022465179688,TRUE,0.396436435871376,0.385778240705954
1,98.58,2.58,-0.425788616726825,0.447952912820284,1.04626228520523,TRUE,0.393552845818294,0.388011771794929
1,98.59,2.59,-0.397793565174447,0.449842317876148,1.12745728491393,TRUE,0.400551608706388,0.387539420530963
1,98.6,2.59999999999999,-0.393327925386775,0.493849369990835,1.13648251776907,TRUE,0.401668018653306,0.376537657502291
1,98.61,2.61,-0.431215226775573,0.496444657399639,1.04907747414037,TRUE,0.392196193306107,0.37588883565009
1,98.62,2.62,-0.427220175223195,0.487510533043738,1.52441439788119,TRUE,0.393194956194201,0.378122366739065
1,98.63,2.63,-0.446283947200228,0.526811702805484,1.16875295006978,TRUE,0.388429013199943,0.368297074298629
1,98.64,2.64,-0.477112425059615,0.545406990214289,1.23980330774075,TRUE,0.380721893735096,0.363648252446428
1,98.65,2.65000000000001,-0.495705608801354,0.525178748211329,1.28378873569838,TRUE,0.376073597799662,0.368705312947168
1,98.66,2.66,-0.477357616072505,0.53200932973778,1.06964982378857,TRUE,0.380660595981874,0.366997667565555
1,98.67,2.67,-0.508421388049538,0.565663440675997,0.668589224665513,TRUE,0.372894652987615,0.358584139831001
1,98.68,2.68000000000001,-0.49407339532069,0.557670492790684,1.258007087269,TRUE,0.376481651169828,0.360582376802329
1,98.69,2.69,-0.484901873180077,0.570854015493606,1.02765313270436,TRUE,0.378774531704981,0.357286496126598
1,98.7,2.7,-0.466083292215934,0.573449302902411,0.901456818221758,TRUE,0.383479176946017,0.356637674274397
1,98.71,2.70999999999999,-0.479970593604732,0.573456355017098,1.2671380913233,TRUE,0.380007351598817,0.356635911245725
1,98.72,2.72,-0.464681424405295,0.561933995367079,1.27422029981288,TRUE,0.383829643898676,0.35951650115823
1,98.73,2.73,-0.487039314029388,0.612293988658237,0.85870501074599,TRUE,0.378240171492653,0.346926502835441
1,98.74,2.74,-0.504691321300539,0.623595158419983,0.553279483025871,TRUE,0.373827169674865,0.344101210395004
1,98.75,2.75,-0.531519799159926,0.628308092887611,0.520937237789374,TRUE,0.367120050210019,0.342922976778097
1,98.76,2.76,-0.544230629960488,0.655844556767004,0.67808026003427,TRUE,0.363942342509878,0.336038860808249
1,98.77,2.77,-0.534823813702228,0.659851608881691,0.504507801994855,TRUE,0.366294046574443,0.335037097779577
1,98.78,2.78,-0.536475820973379,0.655858660996378,0.603007157860924,TRUE,0.365881044756655,0.336035334750906
1,98.79,2.79000000000001,-0.506363122362177,0.617277477816947,0.567137446054446,TRUE,0.373409219409456,0.345680630545763
1,98.8,2.8,-0.490603364927446,0.627872765225752,0.496133526381316,TRUE,0.377349158768138,0.343031808693562
1,98.81,2.81,-0.486137725139774,0.645291582046321,0.582068732114439,TRUE,0.378465568715056,0.33867710448842
1,98.82,2.81999999999999,-0.47626032064622,0.628828045925714,0.498958346872134,TRUE,0.380934919838445,0.342792988518571
1,98.83,2.83,-0.457677033799724,0.627893921569813,0.334075173470862,TRUE,0.385580741550069,0.343026519607547
1,98.84,2.84,-0.471093746953228,0.672606856037441,0.156736435038434,TRUE,0.382226563261693,0.33184828599064
1,98.85,2.84999999999999,-0.481686930694967,0.673084496387422,0.543161042675286,TRUE,0.379578267326258,0.331728875903144
1,98.86,2.86,-0.469927173260236,0.64579743085505,0.567751152166872,TRUE,0.382518206684941,0.338550642286237
1,98.87,2.87,-0.490638004060799,0.667686835910914,0.296068144007804,TRUE,0.3773404989848,0.333078291022271
1,98.88,2.88,-0.498172364273126,0.662517417437366,0.450457191637856,TRUE,0.375456908931718,0.334370645640659
1,98.89,2.89,-0.523118489191337,0.6667597636697,0.432393476307119,TRUE,0.369220377702166,0.333310059082575
1,98.9,2.90000000000001,-0.514888143521311,0.676413874607917,0.283919896216697,TRUE,0.371277964119672,0.330896531348021
1,98.91,2.91,-0.511363680204227,0.686773867899074,0.239118831552199,TRUE,0.372159079948943,0.328306533025231
1,98.92,2.92,-0.485015687475379,0.677839743543173,0.257139629506171,TRUE,0.378746078131155,0.330540064114207
1,98.93,2.93000000000001,-0.498432400628883,0.673140913304919,0.201422297176716,TRUE,0.375391899842779,0.33171477167377
1,98.94,2.94,-0.473025584370622,0.672912671301959,0.332366011426051,TRUE,0.381743603907344,0.33177183217451
1,98.95,2.95,-0.453501121053538,0.646802076357822,NA,FALSE,0.386624719736615,0.338299480910545
1,98.96,2.95999999999999,-0.477976657736454,0.647044422590156,NA,FALSE,0.380505835565887,0.338238894352461
1,98.97,2.97,-0.497981606184075,0.649404415881314,NA,FALSE,0.375504598453981,0.337648896029672
1,98.98,2.98,-0.505280672278756,0.65105852681953,NA,FALSE,0.373679831930311,0.337235368295117
1,98.99,2.99,-0.533756208961672,0.654124402463629,NA,FALSE,0.366560947759582,0.336468899384093
2,128,0,-0.547641067277271,0.721406116582487,NA,FALSE,0.363089733180682,0.319648470854378
2,128.01,0.0099999999999909,-0.526704839254304,0.75058963928541,NA,FALSE,0.368323790186424,0.312352590178648
2,128.02,0.0200000000000102,-0.533768611231338,0.809890809047155,NA,FALSE,0.366557847192166,0.297527297738211
2,128.03,0.0300000000000011,-0.527420618502489,0.838603743514784,NA,FALSE,0.368144845374378,0.290349064121304
2,128.04,0.039999999999992,-0.538013802244229,0.830140207394176,NA,FALSE,0.365496549438943,0.292464948151456
2,128.05,0.0500000000000114,-0.541783456574203,0.849441377155922,NA,FALSE,0.364554135856449,0.287639655711019
2,128.06,0.0600000000000023,-0.563435463845354,0.846860193976492,1.31596412373987,TRUE,0.359141134038661,0.288284951505877
2,128.07,0.0699999999999932,-0.558734529940035,0.834631951973531,0.770003090980168,TRUE,0.360316367514991,0.291342012006617
2,128.08,0.0800000000000125,-0.555445360740598,0.824756651147042,0.437002667361981,TRUE,0.361138659814851,0.29381083721324
2,128.09,0.0900000000000034,-0.582509132717631,0.839587232673494,0.261238498580904,TRUE,0.354372716820592,0.290103191831627
2,128.1,0.0999999999999943,-0.586984669400547,0.863358990670533,0.281832380387435,TRUE,0.353253832649863,0.284160252332367
2,128.11,0.110000000000014,-0.586754323730522,0.860777807491103,1.04110786009812,TRUE,0.35331141906737,0.284805548127224
2,128.12,0.120000000000005,-0.565347507472262,0.825961330194025,0.730966831226295,TRUE,0.358663123131935,0.293509667451494
2,128.13,0.129999999999995,-0.57923480886106,0.825497794073418,0.707404613740635,TRUE,0.355191297784735,0.293625551481645
2,128.14,0.139999999999986,-0.5418279926028,0.813740140305752,0.75437663169858,TRUE,0.3645430018493,0.296564964923562
2,128.15,0.150000000000006,-0.536891764579833,0.799158957126322,1.52832341454945,TRUE,0.365777058855042,0.30021026071842
2,128.16,0.159999999999997,-0.492661418909808,0.745989538652774,1.74999096477326,TRUE,0.376834645272548,0.313502615336807
2,128.17,0.169999999999987,-0.5270193085339,0.775173061355696,1.86640962760847,TRUE,0.368245172866525,0.306206734661076
2,128.18,0.180000000000007,-0.509377198157992,0.774474231117442,1.60818384417725,TRUE,0.372655700460502,0.30638144222064
2,128.19,0.189999999999998,-0.509852734840908,0.755422459702717,1.88749097645702,TRUE,0.372536816289773,0.311144385074321
2,128.2,0.199999999999989,-0.463975330347354,0.720370688287993,1.30941111771882,TRUE,0.384006167413162,0.319907327928002
2,128.21,0.210000000000008,-0.460215572912623,0.718495387461503,0.826246762780559,TRUE,0.384946106771844,0.320376153134624
2,128.22,0.219999999999999,-0.43739699194848,0.719914204282072,0.451323994823972,TRUE,0.39065075201288,0.320021448929482
2,128.23,0.22999999999999,-0.447754881572572,0.693803609337936,0.911671285509511,TRUE,0.388061279606857,0.326549097665516
2,128.24,0.240000000000009,-0.428465712373135,0.682751837923211,0.568525835404322,TRUE,0.392883571906716,0.329312040519197
2,128.25,0.25,-0.445647131408992,0.706523595920251,0.455804228374439,TRUE,0.388588217147752,0.323369101019937
2,128.26,0.259999999999991,-0.46918149162132,0.738530648034938,0.347207925104662,TRUE,0.38270462709467,0.315367337991265
2,128.27,0.27000000000001,-0.449421734186589,0.721596523679037,0.268089932567967,TRUE,0.387644566453353,0.319600869080241
2,128.28,0.280000000000001,-0.430367859104799,0.748427105205489,0.0127053449199337,TRUE,0.3924080352238,0.312893223698628
2,128.29,0.289999999999992,-0.448490454611244,0.760198863202529,0.141130855650568,TRUE,0.387877386347189,0.309950284199368
2,128.3,0.300000000000011,-0.459789520705925,0.75267650355251,0.535295174053649,TRUE,0.385052619823519,0.311830874111873
2,128.31,0.310000000000002,-0.4555591750359,0.757624732137785,0.733022740486977,TRUE,0.386110206241025,0.310593816965554
2,128.32,0.319999999999993,-0.460034711718815,0.747984725428943,1.04220935972752,TRUE,0.384991322070296,0.313003818642764
2,128.33,0.330000000000013,-0.436980836637026,0.718580012837748,1.0572798672302,TRUE,0.390754790840744,0.320354996790563
2,128.34,0.340000000000003,-0.449926961555236,0.709175300246552,1.35615104304158,TRUE,0.387518259611191,0.322706174938362
2,128.35,0.349999999999994,-0.486402498238152,0.672241175890651,1.55997412449962,TRUE,0.378399375440462,0.331939706027337
2,128.36,0.360000000000014,-0.484760387862244,0.636012933887691,1.62548954140988,TRUE,0.378809903034439,0.340996766528077
2,128.37,0.370000000000005,-0.497000630427513,0.627314103649437,1.62377456440396,TRUE,0.375749842393122,0.343171474087641
2,128.38,0.379999999999995,-0.526887931816311,0.634850567528829,1.64326555579825,TRUE,0.368278017045922,0.341287358117793
2,128.39,0.389999999999986,-0.517481115558051,0.62732820787881,1.61901586360419,TRUE,0.370629721110487,0.343167948030297
2,128.4,0.400000000000006,-0.494427240476261,0.594864671758203,1.29197067894731,TRUE,0.376393189880935,0.351283832060449
2,128.41,0.409999999999997,-0.48266748304153,0.575342312108185,0.853756314153495,TRUE,0.379333129239618,0.356164421972954
2,128.42,0.419999999999987,-0.472554784430328,0.579819952458166,0.67662081938636,TRUE,0.381861303892418,0.355045011885459
2,128.43,0.430000000000007,-0.46691267405442,0.567356416337559,0.663432860661167,TRUE,0.383271831486395,0.35816089591561
2,128.44,0.439999999999998,-0.441270563678513,0.540539939040481,0.859728925327673,TRUE,0.389682359080372,0.36486501523988
2,128.45,0.449999999999989,-0.419157865067311,0.570429344096345,0.786284111043315,TRUE,0.395210533733172,0.357392663975914
2,128.46,0.460000000000008,-0.441986342926698,0.589495219740443,0.961800427543125,TRUE,0.389503414268326,0.352626195064889
2,128.47,0.469999999999999,-0.438461879609613,0.577737565972778,1.33552142069361,TRUE,0.390384530097597,0.355565608506806
2,128.48,0.47999999999999,-0.473525651586647,0.558215206322759,1.33182601935125,TRUE,0.381618587103338,0.36044619841931
2,128.49,0.490000000000009,-0.511648247093092,0.541516376084504,1.20381261100024,TRUE,0.372087938226727,0.364620905978874
2,128.5,0.5,-0.546241430834831,0.545758722316838,1.22365725952587,TRUE,0.363439642291292,0.36356031942079
2,128.51,0.509999999999991,-0.524834614576571,0.493530480313878,1.2425691672583,TRUE,0.368791346355857,0.37661737992153
2,128.52,0.52000000000001,-0.52742779831831,0.435419885369742,1.16970112061295,TRUE,0.368143050420422,0.391145028657565
2,128.53,0.530000000000001,-0.495903335001226,0.435191643366782,0.874502219036181,TRUE,0.376024166249693,0.391202089158304
2,128.54,0.539999999999992,-0.469555342272378,0.434963401363822,0.315442533162314,TRUE,0.382611164431906,0.391259149659044
2,128.55,0.550000000000011,-0.45356029072,0.406499865243215,0.872358785962524,TRUE,0.38660992732,0.398375033689196
2,128.56,0.560000000000002,-0.454035827402916,0.438271623240255,1.14141857297862,TRUE,0.386491043149271,0.390432094189936
2,128.57,0.569999999999993,-0.462746658203479,0.462513969472589,1.33033660025419,TRUE,0.38431333544913,0.384371507631853
2,128.58,0.580000000000013,-0.431222194886395,0.481815139234335,1.53746867873024,TRUE,0.392194451278401,0.379546215191416
2,128.59,0.590000000000003,-0.449815378628134,0.532881014878434,1.52127812402414,TRUE,0.387546155342966,0.366779746280392
2,128.6,0.599999999999994,-0.41829091531105,0.563711596404885,0.98475342668085,TRUE,0.395427271172237,0.359072100898779
2,128.61,0.610000000000014,-0.421119393170437,0.556189236754866,1.47141628754166,TRUE,0.394720151707391,0.360952690811283
2,128.62,0.620000000000005,-0.406065518088647,0.579019818281318,1.28908592635231,TRUE,0.398483620477838,0.35524504542967
2,128.63,0.629999999999995,-0.441599878300974,0.581144517454829,1.24225138328709,TRUE,0.389600030424756,0.354713870636293
2,128.64,0.639999999999986,-0.409604826748596,0.578563334275398,0.786004198936453,TRUE,0.397598793312851,0.35535916643115
2,128.65,0.650000000000006,-0.434315657549159,0.53739391580185,0.792251543130555,TRUE,0.39142108561271,0.365651521049537
2,128.66,0.659999999999997,-0.420438253055604,0.564930379681243,0.42725044732494,TRUE,0.394890436736099,0.358767405079689
2,128.67,0.669999999999987,-0.397854966209109,0.568466843560636,0.556799320199551,TRUE,0.400536258447723,0.357883289109841
2,128.68,0.680000000000007,-0.37150697348026,0.564238601557676,0.817927948732385,TRUE,0.407123256629935,0.358940349610581
2,128.69,0.689999999999998,-0.37645309839847,0.548716241907657,1.02490285139944,TRUE,0.405886725400383,0.362820939523086
2,128.7,0.699999999999989,-0.370810988022562,0.569664470492932,1.18282386272028,TRUE,0.40729725299436,0.357583882376767
2,128.71,0.710000000000008,-0.371521818823125,0.559083287313502,1.26964122034309,TRUE,0.407119545294219,0.360229178171624
2,128.72,0.719999999999999,-0.36493853197663,0.53179622178113,1.52073837830386,TRUE,0.408765367005843,0.367050944554717
2,128.73,0.72999999999999,-0.347061127483075,0.511097391542876,1.4498786461521,TRUE,0.413234718129231,0.372225652114281
2,128.74,0.740000000000009,-0.344948428871873,0.523104443657563,1.69884511264336,TRUE,0.413762892782032,0.369223889085609
2,128.75,0.75,-0.302129847907731,0.505229142831074,1.3538209997864,TRUE,0.424467538023067,0.373692714292232
2,128.76,0.759999999999991,-0.298134796355352,0.506412665533996,1.55536830168744,TRUE,0.425466300911162,0.373396833616501
2,128.77,0.77000000000001,-0.268963274214738,0.493949129413389,1.3578804664139,TRUE,0.432759181446315,0.376512717646653
2,128.78,0.780000000000001,-0.262379987368243,0.484309122704546,1.03490342132195,TRUE,0.434405003157939,0.378922719323863
2,128.79,0.789999999999992,-0.213443759345277,0.46455146893688,0.767113080029394,TRUE,0.446639060163681,0.38386213276578
2,128.8,0.800000000000011,-0.242860472498781,0.482911462228038,1.00450207054362,TRUE,0.439284881875305,0.37927213444299
2,128.81,0.810000000000002,-0.235806597416991,0.464565573166255,0.768886959917226,TRUE,0.441048350645752,0.383858606708436
2,128.82,0.819999999999993,-0.257223310570495,0.462925566457412,0.873438157935988,TRUE,0.435694172357376,0.384268608385647
2,128.83,0.830000000000013,-0.273934141371058,0.463403206807393,0.905185990818988,TRUE,0.431516464657235,0.384149198298152
2,128.84,0.840000000000003,-0.292527325112798,0.446704376569139,0.570552638633526,TRUE,0.426868168721801,0.388323905857715
2,128.85,0.849999999999994,-0.263355802972184,0.448593781625003,0.237995279995232,TRUE,0.434161049256954,0.387851554593749
2,128.86,0.860000000000014,-0.25018428083157,0.438483186680866,0.554044483163266,TRUE,0.437453929792107,0.390379203329783
2,128.87,0.870000000000005,-0.230895111632134,0.437784356442612,0.30911050480055,TRUE,0.442276222091967,0.390553910889347
2,128.88,0.879999999999995,-0.199135354197402,0.422967879145534,0.425651891339958,TRUE,0.450216161450649,0.394258030213616
2,128.89,0.889999999999986,-0.205493243821494,0.457798460671986,0.850756820666157,TRUE,0.448626689044626,0.385550384832003
2,128.9,0.900000000000006,-0.197027604033822,0.444158453963144,0.931549049860747,TRUE,0.450743098991544,0.388960386509214
2,128.91,0.909999999999997,-0.191385493657915,0.450283153136654,1.07496084104633,TRUE,0.452153626585521,0.387429211715836
2,128.92,0.919999999999987,-0.204331618576125,0.451701969957224,1.11961615433882,TRUE,0.448917095355969,0.387074507510694
2,128.93,0.930000000000007,-0.213513037611982,0.479709022071911,1.56792736501924,TRUE,0.446621740597004,0.380072744482022
2,128.94,0.939999999999998,-0.203870927236074,0.401363133010127,1.28098638542002,TRUE,0.449032268190981,0.399659216747468
2,128.95,0.949999999999989,-0.229287640389578,0.366076067477755,1.62207468345791,TRUE,0.442678089902605,0.408480983130561
2,128.96,0.960000000000008,-0.213998471190141,0.341141943121854,1.70934129998458,TRUE,0.446500382202465,0.414714514219536
2,128.97,0.969999999999999,-0.240121066696587,0.315737230530659,1.60126073177439,TRUE,0.439969733325853,0.421065692367335
2,128.98,0.97999999999999,-0.241302485732444,0.265626635586523,1.69919967540645,TRUE,0.439674378566889,0.433593341103369
2,128.99,0.990000000000009,-0.226248610650654,0.284692511230622,2.22487968312431,TRUE,0.443437847337336,0.428826872192345
2,129,1,-0.239194735568864,0.282581916286485,1.56523374577879,TRUE,0.440201316107784,0.429354520928379
2,129.01,1.00999999999999,-0.289552625192956,0.280471321342348,1.05528770988063,TRUE,0.427611843701761,0.429882169664413
2,129.02,1.02000000000001,-0.246734044228813,0.283066608751153,0.868205418020015,TRUE,0.438316488942797,0.429233347812212
2,129.03,1.03,-0.273091933852906,0.277897190277605,0.683449976123999,TRUE,0.431727016536774,0.430525702430599
2,129.04,1.03999999999999,-0.279449823476998,0.244021889451115,0.223858605825065,TRUE,0.430137544130751,0.438994527637221
2,129.05,1.05000000000001,-0.243925360159914,0.233911294506979,0.444651863528677,TRUE,0.439018659960022,0.441522176373255
2,129.06,1.06,-0.213342073313418,0.251094817209901,0.224454513823558,TRUE,0.446664481671646,0.437226295697525
2,129.07,1.06999999999999,-0.217111727643393,0.245690104618706,0.450609996872503,TRUE,0.445722068089152,0.438577473845324
2,129.08,1.08000000000001,-0.196646087855721,0.254403039086334,0.503834157990453,TRUE,0.45083847803607,0.436399240228417
2,129.09,1.09,-0.24323927159746,0.290174797083374,0.62953979412027,TRUE,0.439190182100635,0.427456300729157
2,129.1,1.09999999999999,-0.236420690633317,0.332534790374531,0.725460261443138,TRUE,0.440894827341671,0.416866302406367
2,129.11,1.11000000000001,-0.241837403786822,0.307130077783336,0.75347506395881,TRUE,0.439540649053295,0.423217480554166
2,129.12,1.12,-0.265136469881502,0.323607718133317,0.590159912075496,TRUE,0.433715882529625,0.419098070466671
2,129.13,1.13,-0.262082594799712,0.336320652600945,0.50333279195263,TRUE,0.434479351300072,0.415919836849764
2,129.14,1.13999999999999,-0.236675778541451,0.336798292950927,0.50937612505164,TRUE,0.440831055364637,0.415800426762268
2,129.15,1.15000000000001,-0.236680726989073,0.311393580359731,0.133576125194365,TRUE,0.440829818252732,0.422151604910067
2,129.16,1.16,-0.225391557789636,0.314694750121477,0.51899147250822,TRUE,0.443652110552591,0.421326312469631
2,129.17,1.16999999999999,-0.229396506237259,0.313995919883223,0.404458338613685,TRUE,0.442650873440685,0.421501020029194
2,129.18,1.18000000000001,-0.237166160567234,0.297297089644969,0.701233068609298,TRUE,0.440708459858192,0.425675727588758
2,129.19,1.19,-0.237641697250149,0.292598259406715,1.00044901953427,TRUE,0.440589575687463,0.426850435148321
2,129.2,1.19999999999999,-0.249411351580124,0.276840605639049,0.91674990914521,TRUE,0.437647162104969,0.430789848590238
2,129.21,1.21000000000001,-0.254828064733628,0.278494716577266,1.02840283863246,TRUE,0.436292983816593,0.430376320855684
2,129.22,1.22,-0.233421248475367,0.26344294516254,0.899032878658865,TRUE,0.441644687881158,0.434139263709365
2,129.23,1.22999999999999,-0.20377913809946,0.27686176198311,1.38085933237484,TRUE,0.449055215475135,0.430784559504223
2,129.24,1.24000000000001,-0.184489968900023,0.258280578803679,1.5586086656599,TRUE,0.453877507774994,0.43542985529908
2,129.25,1.25,-0.170847858524116,0.26040527797719,1.56550601241319,TRUE,0.457288035368971,0.434898680505703
2,129.26,1.25999999999999,-0.162146924618796,0.226294683033054,1.79776867629773,TRUE,0.459463268845301,0.443426329241737
2,129.27,1.27000000000001,-0.167798931889947,0.234301735147741,2.01499754834191,TRUE,0.458050267027513,0.441424566213065
2,129.28,1.28,-0.145686233278746,0.187249963733016,1.54641801663705,TRUE,0.463578441680314,0.453187509066746
2,129.29,1.28999999999999,-0.100985299373426,0.19313936878888,1.30911206052185,TRUE,0.474753675156644,0.45171515780278
2,129.3,1.30000000000001,-0.106166718409283,0.181381715021214,1.31746656955854,TRUE,0.473458320397679,0.454654571244697
2,129.31,1.31,-0.071583431562787,0.190329943606489,1.08625324794059,TRUE,0.482104142109303,0.452417514098378
2,129.32,1.31999999999999,-0.0579413211868793,0.176689936897647,0.791128565229096,TRUE,0.48551466970328,0.455827515775588
2,129.33,1.33000000000001,-0.0713580343403834,0.211755812541745,1.27730606266136,TRUE,0.482160491414904,0.447061046864564
2,129.34,1.34,-0.0970100416115347,0.180233452891726,0.937612071450772,TRUE,0.475747489597116,0.454941636777068
2,129.35,1.34999999999999,-0.0645444018238624,0.176946387359355,1.33540652114929,TRUE,0.483863899544034,0.455763403160161
2,129.36,1.36000000000001,-0.0749022914479553,0.189188733591689,1.5761598225761,TRUE,0.481274427138011,0.452702816602078
2,129.37,1.37,-0.111142534013224,0.155784021000494,1.6737529854681,TRUE,0.472214366496694,0.461053994749877
2,129.38,1.38,-0.128794541284375,0.0993204848798865,1.57322760359316,TRUE,0.467801364678906,0.475169878780028
2,129.39,1.38999999999999,-0.130681842673173,0.0852098899357497,1.72037813925608,TRUE,0.467329539331707,0.478697527516063
2,129.4,1.40000000000001,-0.177980908767854,0.0680404714622014,1.56975387931054,TRUE,0.455504772808036,0.48298988213445
2,129.41,1.41,-0.189279974862535,0.0292239941651237,1.49257952517702,TRUE,0.452680006284366,0.492694001458719
2,129.42,1.41999999999999,-0.152108452721922,0.0247604580445165,1.52745389228597,TRUE,0.46197288681952,0.493809885488871
2,129.43,1.43000000000001,-0.149289871757779,0.0297086866297919,1.40990721800824,TRUE,0.462677532060555,0.492572828342552
2,129.44,1.44,-0.132824231970107,0.0327745622738908,0.961868229012342,TRUE,0.466793942007473,0.491806359431527
2,129.45,1.44999999999999,-0.0871821215941989,0.00784043791798972,0.751215989509682,TRUE,0.47820446960145,0.498039890520503
2,129.46,1.46000000000001,-0.0773047171006439,0.0132592547385592,1.0620330381941,TRUE,0.480673820724839,0.49668518631536
2,129.47,1.47,-0.054250842018854,0.0224427774414817,0.92364500056246,TRUE,0.486437289495287,0.49438930563963
2,129.48,1.47999999999999,-0.0462557904664759,0.0149204177914626,1.00299787028259,TRUE,0.488436052383381,0.496269895552134
2,129.49,1.49000000000001,-0.0728489742082154,0.00951570520026728,1.26802697489734,TRUE,0.481787756447946,0.497621073699933
2,129.5,1.5,-0.0740303932440725,0.02505216907966,1.00739187402317,TRUE,0.481492401688982,0.493736957730085
2,129.51,1.50999999999999,-0.0735647534564002,0.0156474564884647,0.540860716921534,TRUE,0.4816088116359,0.496088135877884
2,129.52,1.52000000000001,-0.0938049960216692,-0.00552196198508366,0.207725810186782,TRUE,0.476548750994583,0.501380490496271
2,129.53,1.53,-0.0603981797634084,-0.0365737333998082,0.272818312535311,TRUE,0.484900455059148,0.509143433349952
2,129.54,1.53999999999999,-0.0274619517404421,-0.0382137401086506,0.453295110871042,TRUE,0.493134512064889,0.509553435027163
2,129.55,1.55000000000001,-0.0512316060704169,-0.0422066879939637,0.398961964724107,TRUE,0.487192098482396,0.510551671998491
2,129.56,1.56,-0.0550012604003918,-0.0421996358792768,0.128534342118991,TRUE,0.486249684899902,0.510549908969819
2,129.57,1.56999999999999,-0.0674767970833074,-0.00736905435282509,0.22769698529312,TRUE,0.483130800729173,0.501842263588206
2,129.58,1.58000000000001,-0.0813640984721058,0.00957917423245007,0.235604952822418,TRUE,0.479658975381974,0.497605206441887
2,129.59,1.59,-0.0938396351550217,0.0298215204647843,0.217269313238798,TRUE,0.476540091211245,0.492544619883804
2,129.6,1.59999999999999,-0.109844583602644,0.0331226902265303,0.24258636419967,TRUE,0.472538854099339,0.491719327443367
2,129.61,1.61000000000001,-0.0870260026385008,0.019482683517688,0.500307362342756,TRUE,0.478243499340375,0.495129329120578
2,129.62,1.62,-0.060442715792005,-0.0056867349558603,0.641948581679879,TRUE,0.484889321051999,0.501421683738965
2,129.63,1.63,-0.073859428945509,0.011026199511768,1.17185806847131,TRUE,0.481535142763623,0.497243450122058
2,129.64,1.63999999999999,-0.0653937891578366,-0.013202042491192,1.31465896514839,TRUE,0.483651552710541,0.503300510622798
2,129.65,1.65000000000001,-0.00139873760545797,-0.032489108023564,1.47053065817474,TRUE,0.499650315598635,0.508122277005891
2,129.66,1.66,-0.00258015664131506,-0.0164820559088769,1.88893603527952,TRUE,0.499354960839671,0.504120513977219
2,129.67,1.66999999999999,0.0155325419698865,-0.0388279449706605,1.68072001977299,TRUE,0.503883135492472,0.509706986242665
2,129.68,1.68000000000001,0.0524687699928531,-0.0545855987383265,1.31721428734932,TRUE,0.513117192498213,0.513646399684582
2,129.69,1.69,0.0486991156628783,-0.0536373701530511,1.5990770251738,TRUE,0.51217477891572,0.513409342538263
2,129.7,1.69999999999999,0.0512824025093739,-0.041630318038364,1.32536252058924,TRUE,0.512820600627343,0.510407579509591
2,129.71,1.71000000000001,0.0778656893558694,-0.0559762071001476,0.755177169692176,TRUE,0.519466422338967,0.513994051775037
2,129.72,1.72,0.0806842703200122,-0.0583220961619311,0.731733065709848,TRUE,0.520171067580003,0.514580524040483
2,129.73,1.72999999999999,0.0778557924606254,-0.0489032793413617,0.51339814250516,TRUE,0.519463948115156,0.51222581983534
2,129.74,1.74000000000001,0.0926743734247683,-0.0456021095796158,0.243844389354811,TRUE,0.523168593356192,0.511400527394904
2,129.75,1.75,0.0719635426242053,-0.0620656457002228,0.0301803878259751,TRUE,0.517990885656051,0.515516411425056
2,129.76,1.75999999999999,0.0686644765295249,-0.0771174171149475,0.354502830732095,TRUE,0.517166119132381,0.519279354278737
2,129.77,1.77000000000001,0.072188939846609,-0.0462868355884957,0.630081091114899,TRUE,0.518047234961652,0.511571708897124
2,129.78,1.78,0.0488898737519285,-0.0843974305326322,0.811260573538736,TRUE,0.512222468437982,0.521099357633158
2,129.79,1.78999999999999,0.0625319841278358,-0.0794492019473568,0.923480575906389,TRUE,0.515632996031959,0.519862300486839
2,129.8,1.80000000000001,0.046527035680214,-0.0561480321856109,0.623731743604801,TRUE,0.511631758920054,0.514037008046403
2,129.81,1.81,0.0128750284090628,-0.0483762741885709,0.58313544905725,TRUE,0.503218757102266,0.512094068547143
2,129.82,1.81999999999999,0.00957596231438238,-0.0441339279562367,0.524551733701063,TRUE,0.502393990578596,0.511033481989059
2,129.83,1.83000000000001,0.0126298373961721,-0.000597464076843757,0.175103160463339,TRUE,0.503157459349043,0.500149366019211
2,129.84,1.84,-0.0113751110514496,-0.000355117844510032,0.53483631202242,TRUE,0.497156222237138,0.500088779461128
2,129.85,1.84999999999999,0.0321493522656347,-0.0132892422004113,0.389320690249492,TRUE,0.508037338066409,0.503322310550103
2,129.86,1.86000000000001,0.0636738155827189,0.00154133932604044,0.0898709013662356,TRUE,0.51591845389568,0.49961466516849
2,129.87,1.87,0.0801394553703911,-0.0205692556180962,0.0844119678097518,TRUE,0.520034863842598,0.505142313904524
2,129.88,1.88,0.0871933304521811,-0.0342092623269387,0.124847275153181,TRUE,0.521798332613045,0.508552315581735
2,129.89,1.88999999999999,0.0989530878869122,-0.0534963278593104,0.209580288066,TRUE,0.524738271971728,0.513374081964828
2,129.9,1.90000000000001,0.0836540217922312,-0.0421951580975644,0.125946078409587,TRUE,0.520913505448058,0.510548789524391
2,129.91,1.91,0.0551784851093153,-0.0513645765711127,0.489845244623152,TRUE,0.513794621277329,0.512841144142778
2,129.92,1.91999999999999,0.0212911837205169,-0.0522987009270137,0.572283170461515,TRUE,0.505322795930129,0.513074675231753
2,129.93,1.93000000000001,0.0231685882140717,-0.0421740017535031,0.515477570282532,TRUE,0.505792147053518,0.510543500438376
2,129.94,1.94,0.0144577574135084,-0.0235787143446984,0.42291415516345,TRUE,0.503614439353377,0.505894678586175
2,129.95,1.94999999999999,-0.0180177792694074,-0.0125128387005997,0.298133093625013,TRUE,0.495495555182648,0.50312820967515
2,129.96,1.96000000000001,-0.000140374775852692,0.029847154590558,0.115706651497729,TRUE,0.499964906306037,0.492538211352361
2,129.97,1.97,0.00408997089417262,0.0218542067052448,0.407636670182923,TRUE,0.501022492723543,0.494536448323689
2,129.98,1.97999999999999,0.0290261989171388,0.00397890587875551,0.662538416841134,TRUE,0.507256549729285,0.499005273530311
2,129.99,1.99000000000001,0.0549036034106933,-0.000719924359498771,0.663532899839886,TRUE,0.513725900852673,0.500179981089875
2,130,2,0.0812515961395423,-0.025889342833047,1.02291142687712,TRUE,0.520312899034886,0.506472335708262
2,130.01,2.00999999999999,0.0955995888683912,-0.0465881730713013,1.22528915748114,TRUE,0.523899897217098,0.511647043267825
2,130.02,2.02000000000001,0.0977122874795928,-0.037169356250732,1.710112705072,TRUE,0.524428071869898,0.509292339062683
2,130.03,2.03,0.0925308684437358,-0.0369270100183979,1.49706672951127,TRUE,0.523132717110934,0.5092317525046
2,130.04,2.03999999999999,0.0904082729372906,-0.07056701672724,1.27726076455834,TRUE,0.522602068234323,0.51764175418181
2,130.05,2.05000000000001,0.118638618607316,-0.0660893763772588,1.29341160578456,TRUE,0.529659654651829,0.516522344094315
2,130.06,2.06,0.0901630819243998,-0.0929058536743366,1.15447615819648,TRUE,0.5225407704811,0.523226463418584
2,130.07,2.06999999999999,0.130393427594425,-0.10560468391259,0.904170988413066,TRUE,0.532598356898606,0.526401170978148
2,130.08,2.08000000000001,0.117447302676215,-0.0975976317979034,1.02825091789549,TRUE,0.529361825669054,0.524399407949476
2,130.09,2.09,0.128971765993299,-0.0947670502714518,1.28660529218704,TRUE,0.532242941498325,0.523691762567863
2,130.1,2.09999999999999,0.129202111663325,-0.122054115803824,0.83757192726569,TRUE,0.532300527915831,0.530513528950956
2,130.11,2.11000000000001,0.153903045568644,-0.130047063689137,0.929357551263049,TRUE,0.538475761392161,0.532511765922284
2,130.12,2.12,0.113662803003375,-0.14439295275092,0.568023100680464,TRUE,0.528415700750844,0.53609823818773
2,130.13,2.13,0.135775501614576,-0.143680018283292,1.02372437210272,TRUE,0.533943875403644,0.535920004570823
2,130.14,2.13999999999999,0.0670646708140136,-0.176143554403899,0.589698859106757,TRUE,0.516766167703503,0.544035888600975
2,130.15,2.15000000000001,0.0720008988369798,-0.160842384642153,0.900688092470765,TRUE,0.518000224709245,0.540210596160538
2,130.16,2.16,0.0689371268599462,-0.155423567821584,0.975450376462012,TRUE,0.517234281714987,0.538855891955396
2,130.17,2.16999999999999,0.0795204137064417,-0.154475339236308,1.0167144960088,TRUE,0.51988010342661,0.538618834809077
2,130.18,2.18000000000001,0.055044877023526,-0.189291816533386,0.999896301975418,TRUE,0.513761219255881,0.547322954133347
2,130.19,2.19,0.118098752105316,-0.162461235006934,1.33456322978043,TRUE,0.529524688026329,0.540615308751734
2,130.2,2.19999999999999,0.0806820389518116,-0.181277712304012,1.28500049015996,TRUE,0.520170509737953,0.545319428076003
2,130.21,2.21000000000001,0.0670300316806603,-0.209505954306972,1.37616338736866,TRUE,0.516757507920165,0.552376488576743
2,130.22,2.22,0.115025083233039,-0.234910666898167,1.14105953210105,TRUE,0.52875627080826,0.558727666724542
2,130.23,2.22999999999999,0.123255428903064,-0.253962438312892,1.12860909266029,TRUE,0.530813857225766,0.563490609578223
2,130.24,2.24000000000001,0.131721068690737,-0.2904259744335,0.692244606820791,TRUE,0.532930267172684,0.572606493608375
2,130.25,2.25,0.141127884948997,-0.296536569377636,1.22109097453356,TRUE,0.535281971237249,0.574134142344409
2,130.26,2.25999999999999,0.136181760030787,-0.297941281968831,1.59886790943376,TRUE,0.534045440007697,0.574485320492208
2,130.27,2.27000000000001,0.0992356351125768,-0.277228347501203,1.612579146817,TRUE,0.524808908778144,0.569307086875301
2,130.28,2.28,0.109818921959073,-0.274868354210045,1.09830711604827,TRUE,0.527454730489768,0.568717088552511
2,130.29,2.28999999999999,0.091696326452627,-0.256037772683594,1.33798731052383,TRUE,0.522924081613157,0.564009443170898
2,130.3,2.30000000000001,0.152632554475594,-0.292266014686554,1.11481394169703,TRUE,0.538158138618898,0.573066503671638
2,130.31,2.31,0.200627606027972,-0.309906021395396,1.20182807843653,TRUE,0.550156901506993,0.577476505348849
2,130.32,2.31999999999999,0.203681481109762,-0.32260485163365,1.64495760416056,TRUE,0.550920370277441,0.580651212908413
2,130.33,2.33000000000001,0.196617709132729,-0.324009564224846,2.21738037064071,TRUE,0.549154427283182,0.581002391056211
2,130.34,2.34,0.242495113626283,-0.340237806227806,2.03664543401791,TRUE,0.560623778406571,0.585059451556951
2,130.35,2.34999999999999,0.236372518119838,-0.354348401171942,2.16223922735628,TRUE,0.559093129529959,0.588587100292985
2,130.36,2.36000000000001,0.236367569672215,-0.388223701998431,1.55342543667257,TRUE,0.559091892418054,0.597055925499608
2,130.37,2.37,0.26224497416577,-0.42774606164845,1.2705769667188,TRUE,0.565561243541443,0.606936515412112
2,130.38,2.38,0.29494590807109,-0.422797833063175,1.38361386351597,TRUE,0.573736477017772,0.605699458265794
2,130.39,2.38999999999999,0.285529194917586,-0.4138496044779,1.4249428625214,TRUE,0.571382298729396,0.603462401119475
2,130.4,2.40000000000001,0.276818364117023,-0.405371964127919,1.13555537267622,TRUE,0.569204591029256,0.60134299103198
2,130.41,2.41,0.284342827434107,-0.401129617895584,0.813837599509533,TRUE,0.571085706858527,0.600282404473896
2,130.42,2.41999999999999,0.314455526045309,-0.391004918722074,0.712818937092317,TRUE,0.578613881511327,0.597751229680519
2,130.43,2.43000000000001,0.300332930538863,-0.440174337195622,0.223005607092922,TRUE,0.575083232634716,0.610043584298905
2,130.44,2.44,0.297269158561829,-0.444167285080935,0.498082077462147,TRUE,0.574317289640457,0.611041821270234
2,130.45,2.44999999999999,0.291852445408325,-0.454983762378013,0.483315607675613,TRUE,0.572963111352081,0.613745940594503
2,130.46,2.46000000000001,0.273259261666585,-0.435917886733914,1.02842252839517,TRUE,0.568314815416646,0.608979471683478
2,130.47,2.47,0.270666077924846,-0.458734364030992,0.607679627697483,TRUE,0.567666519481211,0.614683591007748
2,130.48,2.47999999999999,0.279602305947813,-0.445080253092775,0.705511942453766,TRUE,0.569900576486953,0.611270063273194
2,130.49,2.49000000000001,0.292773828088426,-0.477543789213382,0.18566479689482,TRUE,0.573193457022106,0.619385947303346
2,130.5,2.5,0.295827703170216,-0.466007325333989,0.0902946309158405,TRUE,0.573956925792554,0.616501831333497
2,130.51,2.50999999999999,0.361940401781418,-0.479882626160479,0.317304286460634,TRUE,0.590485100445355,0.61997065654012
2,130.52,2.52000000000001,0.312994276863208,-0.461522632869321,0.0866637223833968,TRUE,0.578248569215802,0.61538065821733
2,130.53,2.53,0.340518740180292,-0.464103816048752,0.259763208771496,TRUE,0.585129685045073,0.616025954012188
2,130.54,2.53999999999999,0.32051379173267,-0.437037940404653,0.155600724430055,TRUE,0.580128447933168,0.609259485101163
2,130.55,2.55000000000001,0.305214725637989,-0.438207358878201,0.430666968754982,TRUE,0.576303681409497,0.60955183971955
2,130.56,2.56,0.25697448307272,-0.456317953822338,0.529338464094039,TRUE,0.56424362076818,0.614079488455584
2,130.57,2.56999999999999,0.271322475801569,-0.445252078178239,0.783410829405969,TRUE,0.567830618950392,0.61131301954456
2,130.58,2.58000000000001,0.252964586177476,-0.436303849592964,0.395107875364795,TRUE,0.563241146544369,0.609075962398241
2,130.59,2.59,0.263312578906325,-0.439826209242983,0.673423109237129,TRUE,0.565828144726581,0.609956552310746
2,130.6,2.59999999999999,0.258131159870468,-0.445230921834178,0.170467413845061,TRUE,0.564532789967617,0.611307730458544
2,130.61,2.61000000000001,0.252714446716964,-0.42687092854302,0.048564126578612,TRUE,0.563178611679241,0.606717732135755
2,130.62,2.62,0.277415380622283,-0.46309917054598,0.661988461917098,TRUE,0.569353845155571,0.615774792636495
2,130.63,2.63,0.269645726292309,-0.458386236078352,0.53442956824376,TRUE,0.567411431573077,0.614596559019588
2,130.64,2.63999999999999,0.266581954315276,-0.4595556545519,0.534722162759053,TRUE,0.566645488578819,0.614888913637975
2,130.65,2.65000000000001,0.303518182338242,-0.444960367143095,0.716658032812152,TRUE,0.57587954558456,0.611240091785774
2,130.66,2.66,0.304924998596503,-0.443541550322526,1.13255825382364,TRUE,0.576231249649126,0.610885387580631
2,130.67,2.66999999999999,0.298802403090058,-0.396710968796074,0.93165212911418,TRUE,0.574700600772515,0.599177742199019
2,130.68,2.68000000000001,0.281150395818906,-0.387292151975505,1.29591694971022,TRUE,0.570287598954727,0.596823037993876
2,130.69,2.69,0.276910153253637,-0.382579217507877,1.20595083923521,TRUE,0.569227538313409,0.595644804376969
2,130.7,2.69999999999999,0.268434616570721,-0.361160400687307,1.05479988819495,TRUE,0.56710865414268,0.590290100171827
2,130.71,2.71000000000001,0.255253197534864,-0.320682760337326,0.937629260250379,TRUE,0.563813299383716,0.580170690084332
2,130.72,2.72,0.255954131440183,-0.324440414104992,1.17620895163269,TRUE,0.563988532860046,0.581110103526248
2,130.73,2.72999999999999,0.287478594757268,-0.320903950225599,0.848775640878883,TRUE,0.571869648689317,0.5802259875564
2,130.74,2.74000000000001,0.31594423454494,-0.334073368699148,1.17030734700589,TRUE,0.578986058636235,0.583518342174787
2,130.75,2.75,0.289586344920848,-0.345831022466813,1.34253548759512,TRUE,0.572396586230212,0.586457755616703
2,130.76,2.75999999999999,0.310522572943814,-0.342059264469774,1.18092046591028,TRUE,0.577630643235954,0.585514816117443
2,130.77,2.77000000000001,0.295223506849134,-0.314522800590381,1.14578617672088,TRUE,0.573805876712283,0.578630700147595
2,130.78,2.78,0.288395028989747,-0.303927513181576,1.35445322468495,TRUE,0.572098757247437,0.575981878295394
2,130.79,2.78999999999999,0.264154786424478,-0.259685166949242,1.16260728620541,TRUE,0.56603869660612,0.56492129173731
2,130.8,2.80000000000001,0.300855720329798,-0.23685458542279,1.34101633748764,TRUE,0.575213930082449,0.559213646355697
2,130.81,2.81,0.308380183646882,-0.237553415661044,1.54895393527894,TRUE,0.57709504591172,0.559388353915261
2,130.82,2.81999999999999,0.33872817637573,-0.226252245899298,1.31621586819637,TRUE,0.584682044093933,0.556563061474824
2,130.83,2.83000000000001,0.335899698516344,-0.198715782019905,1.30607206176183,TRUE,0.583974924629086,0.549678945504976
2,130.84,2.84,0.349071220656957,-0.208826376964041,1.56253011676033,TRUE,0.587267805164239,0.55220659424101
2,130.85,2.84999999999999,0.333772154562276,-0.187642854261119,1.41602200785004,TRUE,0.583443038640569,0.54691071356528
2,130.86,2.86000000000001,0.317531911997007,-0.177753449205256,1.1679326680472,TRUE,0.579382977999252,0.544438362301314
2,130.87,2.87,0.310232845902327,-0.197275808855275,1.31186117208814,TRUE,0.577558211475582,0.549318952213819
2,130.88,2.88,0.341992603337058,-0.17868052144647,1.00248051859788,TRUE,0.585498150834264,0.544670130361617
2,130.89,2.88999999999999,0.324340596065906,-0.135849939920018,0.87839523578391,TRUE,0.581085149016477,0.533962484980005
2,130.9,2.90000000000001,0.362218000559461,-0.138666417217096,1.04581161616209,TRUE,0.590554500139865,0.534666604304274
2,130.91,2.91,0.384801287405956,-0.139600541572997,1.03608507084133,TRUE,0.596200321851489,0.534900135393249
2,130.92,2.91999999999999,0.34832575072304,-0.098887607105369,0.959599680242535,TRUE,0.58708143768076,0.524721901776342
2,130.93,2.93000000000001,0.351850214040124,-0.116762907931859,1.25219998174505,TRUE,0.587962553510031,0.529190726982965
2,130.94,2.94,0.352786442063091,-0.103579385228936,1.09887096898528,TRUE,0.588196610515773,0.525894846307234
2,130.95,2.94999999999999,0.327605023027234,-0.095807627231896,NA,FALSE,0.581901255756808,0.523951906807974
2,130.96,2.96000000000001,0.332305956932553,-0.0736829280583857,NA,FALSE,0.583076489233138,0.518420732014596
2,130.97,2.97,0.345712773190814,-0.0760288171201692,NA,FALSE,0.586428193297703,0.519007204280042
2,130.98,2.97999999999999,0.29864900121378,-0.0600217650054821,NA,FALSE,0.574662250303445,0.51500544125137
2,130.99,2.99000000000001,0.309938170413217,-0.0621323599496186,NA,FALSE,0.577484542603304,0.515533089987405
3,152.13,0.129999999999995,-0.187111083153421,0.466422869322306,NA,FALSE,0.453222229211645,0.383394282669423
3,152.14,0.139999999999986,-0.193939561012808,0.490194627319346,NA,FALSE,0.451515109746798,0.377451343170163
3,152.15,0.150000000000006,-0.185473921225136,0.501260502963445,NA,FALSE,0.453631519693716,0.374684874259139
3,152.16,0.159999999999997,-0.192537693202169,0.502679319784014,NA,FALSE,0.451865576699458,0.374330170053996
3,152.17,0.169999999999987,-0.205483818120379,0.500568724839878,NA,FALSE,0.448629045469905,0.374857818790031
3,152.18,0.180000000000007,-0.159371119509178,0.496105188719271,NA,FALSE,0.460157220122706,0.375973702820182
3,152.19,0.189999999999998,-0.176081950309741,0.499876946716311,0.336118318742153,TRUE,0.455979512422565,0.375030763320922
3,152.2,0.199999999999989,-0.177263369345598,0.505531057654527,0.455743892393011,TRUE,0.455684157663601,0.373617235586368
3,152.21,0.210000000000008,-0.155856553087337,0.495655756828038,0.463446444940129,TRUE,0.461035861728166,0.37608606079299
3,152.22,0.219999999999999,-0.153979148593783,0.492603985413313,0.613358944555073,TRUE,0.461505212851554,0.376849003646672
3,152.23,0.22999999999999,-0.177748802923757,0.49825809635153,0.710194019766795,TRUE,0.455562799269061,0.375435475912118
3,152.24,0.240000000000009,-0.16010669254785,0.491676913172099,0.952004578452703,TRUE,0.459973326863038,0.377080771706975
3,152.25,0.25,-0.150229288054295,0.514742788816198,0.943111152010991,TRUE,0.462442677986426,0.371314302795951
3,152.26,0.259999999999991,-0.174234236501917,0.550985135048532,0.832518681710771,TRUE,0.456441440874521,0.362253716237867
3,152.27,0.27000000000001,-0.151415655537774,0.556168657751454,0.776017260969561,TRUE,0.462146086115556,0.360957835562137
3,152.28,0.280000000000001,-0.16553825104422,0.567705121630847,0.680551702460098,TRUE,0.458615437238945,0.358073719592288
3,152.29,0.289999999999992,-0.168602023021253,0.600418056098475,0.542800445894521,TRUE,0.457849494244687,0.349895485975381
3,152.3,0.300000000000011,-0.184842265586522,0.603248637624927,0.771084965400373,TRUE,0.45378943360337,0.349187840593768
3,152.31,0.310000000000002,-0.16437662579885,0.596196866210202,0.938242241709548,TRUE,0.458905843550288,0.350950783447449
3,152.32,0.319999999999993,-0.160146280128824,0.58090980067783,1.25379388354495,TRUE,0.459963429967794,0.354772549830542
3,152.33,0.330000000000013,-0.114504169752917,0.556210970439576,1.04626244248892,TRUE,0.471373957561771,0.360947257390106
3,152.34,0.340000000000003,-0.123215000553479,0.522570963730733,1.2224556309631,TRUE,0.46919624986163,0.369357259067317
3,152.35,0.349999999999994,-0.0754552431187484,0.486342721727774,1.41873351580949,TRUE,0.481136189220313,0.378414319568057
3,152.36,0.360000000000014,-0.0672248974487232,0.453408597371872,1.64917550792751,TRUE,0.483193775637819,0.386647850657032
3,152.37,0.370000000000005,-0.0681710223669338,0.462827414192442,1.49274371737074,TRUE,0.482957244408267,0.38429314645189
3,152.38,0.379999999999995,-0.0677053825792616,0.4771874074836,1.37567436242005,TRUE,0.483073654355185,0.3807031481291
3,152.39,0.389999999999986,-0.0514750369092365,0.496488577245346,1.39388124299655,TRUE,0.487131240772691,0.375877855688663
3,152.4,0.400000000000006,-0.0545388088862698,0.493907394065915,1.22239847970409,TRUE,0.486365297778433,0.376523151483521
3,152.41,0.409999999999997,-0.0310143455691858,0.507090916768838,0.352061541708608,TRUE,0.492246413607704,0.373227270807791
3,152.42,0.419999999999987,-0.0319604704873957,0.499097968883524,0.437724066899097,TRUE,0.492009882378151,0.375225507779119
3,152.43,0.430000000000007,-0.0202007130526646,0.523340315115858,0.201265886718127,TRUE,0.494949821736834,0.369164921221035
3,152.44,0.439999999999998,0.0277943384997137,0.499112073112898,0.3338776750027,TRUE,0.506948584624928,0.375221981721775
3,152.45,0.449999999999989,0.0110835076991506,0.529236772286409,0.835186023192655,TRUE,0.502770876924788,0.367690806928398
3,152.46,0.460000000000008,-0.0776273231014123,0.525008530283449,1.0088753744842,TRUE,0.480593169224647,0.368747867429138
3,152.47,0.469999999999999,-0.0468087421372694,0.497015582398136,0.921449899396762,TRUE,0.488297814465683,0.375746104400466
3,152.48,0.47999999999999,-0.0541078082319498,0.445728516865764,0.835721019116702,TRUE,0.486473047942013,0.388567870783559
3,152.49,0.490000000000009,-0.0870539331501597,0.445970863098098,1.28316064298871,TRUE,0.47823651671246,0.388507284225475
3,152.5,0.5,-0.060235352186017,0.405036738742197,1.27819891501165,TRUE,0.484941161953496,0.398740815314451
3,152.51,0.509999999999991,0.00728911113106712,0.401749673209825,1.57553902895843,TRUE,0.501822277782767,0.399562581697544
3,152.52,0.52000000000001,-0.00918642555184874,0.408109666500983,1.70826308290946,TRUE,0.497703393612038,0.397972583374754
3,152.53,0.530000000000001,-0.0226031387053531,0.407646130380376,1.41249238016499,TRUE,0.494349215323662,0.398088467404906
3,152.54,0.539999999999992,-0.0164904400941516,0.38224141778918,1.11633752181337,TRUE,0.495877389976462,0.404439645552705
3,152.55,0.550000000000011,-0.0139071532476557,0.364836705197985,1.26078822538736,TRUE,0.496523211688086,0.408790823700504
3,152.56,0.560000000000002,-0.00426504287174829,0.356608463195025,1.07483182214043,TRUE,0.498933739282063,0.410847884201244
3,152.57,0.569999999999993,-0.00285822661348796,0.352615515309712,0.767910823875069,TRUE,0.499285443346628,0.411846121172572
3,152.58,0.580000000000013,0.0145485896447727,0.354269626247929,0.760603903735119,TRUE,0.503637147411193,0.411432593438018
3,152.59,0.590000000000003,0.0267789353147979,0.353335501892028,0.941552568793282,TRUE,0.506694733828699,0.411666124526993
3,152.6,0.599999999999994,0.0237151633377643,0.36251902459495,0.841043810169439,TRUE,0.505928790834441,0.409370243851263
3,152.61,0.610000000000014,0.038769038419554,0.340408429650813,0.504714116111703,TRUE,0.509692259604889,0.414897892587297
3,152.62,0.620000000000005,0.0578229135013441,0.33406254058903,0.615133161086618,TRUE,0.514455728375336,0.416484364852743
3,152.63,0.629999999999995,0.0453473768184281,0.344657827997835,0.684689167713395,TRUE,0.511336844204607,0.413835543000541
3,152.64,0.639999999999986,0.0495777224884538,0.333370762465463,0.666573169582839,TRUE,0.512394430622113,0.416657309383634
3,152.65,0.650000000000006,0.051925715217303,0.319966049874267,0.490934224319717,TRUE,0.512981428804326,0.420008487531433
3,152.66,0.659999999999997,0.0347442961814458,0.338090749047778,1.04513222734968,TRUE,0.508686074045361,0.415477312738055
3,152.67,0.669999999999987,0.0396805242044124,0.305156624691877,0.643938002991545,TRUE,0.509920131051103,0.423710843827031
3,152.68,0.680000000000007,0.0408520463450259,0.291281323865387,0.798354656700619,TRUE,0.510213011586256,0.427179669033653
3,152.69,0.689999999999998,0.0577882743679918,0.295053081862427,0.936993794949215,TRUE,0.514447068591998,0.426236729534393
3,152.7,0.699999999999989,0.0439009729791934,0.302118957506526,1.22903307347103,TRUE,0.510975243244798,0.424470260623368
3,152.71,0.710000000000008,0.096366612766866,0.273420127268272,1.00593480575052,TRUE,0.524091653191716,0.431644968182932
3,152.72,0.719999999999999,0.100361664319244,0.305427179382959,1.18819167592647,TRUE,0.525090416079811,0.42364320515426
3,152.73,0.72999999999999,0.135180245283387,0.292493055027058,0.835263650918868,TRUE,0.533795061320847,0.426876736243236
3,152.74,0.740000000000009,0.132822355659295,0.290147165965274,0.880803313168387,TRUE,0.533205588914824,0.427463208508681
3,152.75,0.75,0.179170348388143,0.294860100432903,0.863790669574913,TRUE,0.544792587097036,0.426284974891774
3,152.76,0.759999999999991,0.153283046999345,0.275573034900531,0.973148963653799,TRUE,0.538320761749836,0.431106741274867
3,152.77,0.77000000000001,0.147395745610547,0.271815381132865,0.644355793630098,TRUE,0.536848936402637,0.432046154716784
3,152.78,0.780000000000001,0.127861385398219,0.279351845012258,1.10630491273047,TRUE,0.531965346349555,0.430162038746936
3,152.79,0.789999999999992,0.131385848715303,0.256770661832827,0.851731251017277,TRUE,0.532846462178826,0.435807334541793
3,152.8,0.800000000000011,0.106910312032387,0.213718890418102,0.9480350978217,TRUE,0.526727578008097,0.446570277395474
3,152.81,0.810000000000002,0.125258304761235,0.232549471944554,0.626904386505977,TRUE,0.531314576190309,0.441862632013862
3,152.82,0.819999999999993,0.149018062195967,0.225968288765123,0.744407888030897,TRUE,0.537254515548992,0.443507927808719
3,152.83,0.830000000000013,0.17983664316011,0.213269458526869,0.738337224774758,TRUE,0.544959160790027,0.446682635368283
3,152.84,0.840000000000003,0.221008165300723,0.254923569465086,0.6533537266368,TRUE,0.555252041325181,0.436269107633729
3,152.85,0.849999999999994,0.236767922735454,0.281754150991538,0.611145329871667,TRUE,0.559191980683864,0.429561462252116
3,152.86,0.860000000000014,0.247821797817245,0.288349438400343,0.961336351821218,TRUE,0.561955449454311,0.427912640399914
3,152.87,0.870000000000005,0.228522731722564,0.307885902279736,0.68767465664101,TRUE,0.557130682930641,0.423028524430066
3,152.88,0.879999999999995,0.223341312686707,0.300598836747364,0.722501608224827,TRUE,0.555835328171677,0.424850290813159
3,152.89,0.889999999999986,0.199101070121438,0.288841182979698,1.09265719860532,TRUE,0.54977526753036,0.427789704255076
3,152.9,0.900000000000006,0.191566709909111,0.286730588035561,0.994999965482822,TRUE,0.547891677477278,0.42831735299111
3,152.91,0.909999999999997,0.157208820285018,0.306737640150248,0.940263633442275,TRUE,0.539302205071254,0.423315589962438
3,152.92,0.919999999999987,0.174145048307984,0.290274104029641,1.20668919739662,TRUE,0.543536262076996,0.42743147399259
3,152.93,0.930000000000007,0.144963629272127,0.30533997967374,0.538462851419455,TRUE,0.536240907318032,0.423665005081565
3,152.94,0.939999999999998,0.120958680824505,0.318052914141368,0.556678619521417,TRUE,0.530239670206126,0.420486771464658
3,152.95,0.949999999999989,0.135306673553353,0.323001142726643,0.47332037833415,TRUE,0.533826668388338,0.419249714318339
3,152.96,0.960000000000008,0.141419372164555,0.321831724253095,0.251747562450369,TRUE,0.535354843041139,0.419542068936726
3,152.97,0.969999999999999,0.12329677665811,0.334309364603076,0.164739136395374,TRUE,0.530824194164528,0.416422658849231
3,152.98,0.97999999999999,0.172468298798724,0.327022299070704,0.202522884783967,TRUE,0.543117074699681,0.418244425232324
3,152.99,0.990000000000009,0.162580997409925,0.308205821773627,0.245738164900827,TRUE,0.540645249352481,0.422948544556593
3,153,1,0.154811343079951,0.316212873888314,0.519592116330843,TRUE,0.538702835769988,0.420946781527922
3,153.01,1.00999999999999,0.174100512279388,0.308219926003001,0.299981202542426,TRUE,0.543525128069847,0.42294501849925
3,153.02,1.02000000000001,0.172448505008236,0.296932860470629,0.107171266335733,TRUE,0.543112126252059,0.425766784882343
3,153.03,1.03,0.155737674207673,0.302822265526493,0.301693902986797,TRUE,0.538934418551918,0.424294433618377
3,153.04,1.03999999999999,0.164438608112992,0.286594023523533,0.36480097565917,TRUE,0.541109652028248,0.428351494119117
3,153.05,1.05000000000001,0.169139542018312,0.287306957991161,0.832304995654176,TRUE,0.542284885504578,0.42817326050221
3,153.06,1.06,0.16278165239422,0.30472577481173,0.792377729787519,TRUE,0.540695413098555,0.423818556297067
3,153.07,1.06999999999999,0.151247292181892,0.315321062220535,0.831471019938458,TRUE,0.537811823045473,0.421169734444866
3,153.08,1.08000000000001,0.120889402557799,0.301210467276398,1.04435792384487,TRUE,0.53022235063945,0.4246973831809
3,153.09,1.09,0.132413865874884,0.329452813508732,1.35284940193661,TRUE,0.533103466468721,0.417636796622817
3,153.1,1.09999999999999,0.0797030350743206,0.347106924446949,1.16929750639427,TRUE,0.51992575876858,0.413223268888263
3,153.11,1.11000000000001,0.0676980866266991,0.319113976561636,1.52487021964082,TRUE,0.516924521656675,0.420221505859591
3,153.12,1.12,0.0848696087673122,0.328297499264558,1.87618113468166,TRUE,0.521217402191828,0.41792562518386
3,153.13,1.13,0.0622764250255731,0.32948102196748,1.75007511701955,TRUE,0.515569106256393,0.41762974450813
3,153.14,1.13999999999999,0.00862441775442199,0.32525277996452,1.36368865137857,TRUE,0.502156104438605,0.41868680500887
3,153.15,1.15000000000001,0.0363841751891531,0.29867159678509,1.87230944825949,TRUE,0.509096043797288,0.425332100803728
3,153.16,1.16,0.00155569732976631,0.29444335478213,1.23517434152888,TRUE,0.500388924332442,0.426389161304468
3,153.17,1.16999999999999,-0.0419786628825612,0.278920995132111,1.09089000136648,TRUE,0.48950533427936,0.430269751216972
3,153.18,1.18000000000001,-0.0401012583890068,0.294222164893857,1.16716541852054,TRUE,0.489974685402748,0.426444458776536
3,153.19,1.19,-0.029047383307217,0.30575862877325,0.930608660795921,TRUE,0.492738154173196,0.423560342806688
3,153.2,1.19999999999999,-0.073522919990133,0.332118622064407,0.535300131389249,TRUE,0.481619270002467,0.416970344483898
3,153.21,1.21000000000001,-0.0561161037318723,0.343419791826153,0.653086836407122,TRUE,0.485970974067032,0.414145052043462
3,153.22,1.22,-0.051885758061847,0.32907390276437,0.442126508475764,TRUE,0.487028560484538,0.417731524308908
3,153.23,1.22999999999999,-0.0417730594506455,0.30719860193788,0.0884061869754962,TRUE,0.489556735137339,0.42320034951553
3,153.24,1.24000000000001,-0.0340133020159143,0.294735065817273,0.313016533505747,TRUE,0.491496674496021,0.426316233545682
3,153.25,1.25,-0.0333123681105949,0.283918588520195,0.391070407762584,TRUE,0.491671907972351,0.429020352869951
3,153.26,1.25999999999999,-0.0321408459699814,0.277102111223118,0.509118844625838,TRUE,0.491964788507505,0.430724472194221
3,153.27,1.27000000000001,-0.0309693238293679,0.25828563392604,0.391418772957425,TRUE,0.492257669042658,0.43542859151849
3,153.28,1.28,-0.0349742722769896,0.272175038981903,0.290698521837545,TRUE,0.491256431930753,0.431956240254524
3,153.29,1.28999999999999,-0.0639203971951996,0.269358561684826,0.00387647871587247,TRUE,0.4840199007012,0.432660359578794
3,153.3,1.30000000000001,-0.0512194632898805,0.268895025564219,0.221631952644899,TRUE,0.48719513417753,0.432776243608945
3,153.31,1.31,-0.0705185293845613,0.276196195325965,0.159018852951301,TRUE,0.48237036765386,0.430950951168509
3,153.32,1.31999999999999,-0.0681705366557125,0.302085600381828,0.206917042794247,TRUE,0.482957365836072,0.424478599904543
3,153.33,1.33000000000001,-0.0674696027503931,0.301151476025927,0.116334801448879,TRUE,0.483132599312402,0.424712130993518
3,153.34,1.34,-0.0420627864921325,0.307511469317085,0.325750643545501,TRUE,0.489484303376967,0.423122132670729
3,153.35,1.34999999999999,-0.0145383231750483,0.309400874372948,0.331598943419434,TRUE,0.496365419206238,0.422649781406763
3,153.36,1.36000000000001,-0.0168962127991406,0.277878514722929,0.298655489014933,TRUE,0.495775946800215,0.430530371319268
3,153.37,1.37,-0.01148939654088,0.267532625661146,0.407551854730222,TRUE,0.49712765086478,0.433116843584714
3,153.38,1.38,-0.0187884626355608,0.254363207187597,0.266444121895109,TRUE,0.49530288434111,0.436409198203101
3,153.39,1.38999999999999,-0.0173816463773001,0.240958494596402,0.475173735711859,TRUE,0.495654588405675,0.4397603763509
3,153.4,1.40000000000001,-0.0425630654131574,0.239789076122854,0.804771803610911,TRUE,0.489359233646711,0.440052730969287
3,153.41,1.41,-0.0188033079784262,0.263560834119894,1.10301550705742,TRUE,0.495299173005393,0.434109791470027
3,153.42,1.41999999999999,-0.02986707995546,0.295097297999287,1.24031933321758,TRUE,0.492533230011135,0.426225675500178
3,153.43,1.43000000000001,-0.0494014401677877,0.279574938349268,0.996259390964677,TRUE,0.487649639958053,0.430106265412683
3,153.44,1.44,-0.0531710944977625,0.250876108111014,0.861998508764994,TRUE,0.486707226375559,0.437280972972247
3,153.45,1.44999999999999,-0.0501172194159725,0.219353748460995,0.871437143884514,TRUE,0.487470695146007,0.445161562884751
3,153.46,1.46000000000001,-0.0656515796282999,0.199360800575682,0.878816787737048,TRUE,0.483587105092925,0.45015979985608
3,153.47,1.47,-0.0774212339582746,0.155603146808016,1.13439724381575,TRUE,0.480644691510431,0.461099213297996
3,153.48,1.47999999999999,-0.0644850059353082,0.171610198922703,1.21470671696366,TRUE,0.483878748516173,0.457097450269324
3,153.49,1.49000000000001,-0.0774311308535182,0.179852545155037,0.929335079097662,TRUE,0.48064221728662,0.455036863711241
3,153.5,1.5,-0.0936713734187869,0.182918420799136,0.500432496361897,TRUE,0.476582156645303,0.454270394800216
3,153.51,1.50999999999999,-0.121911615984056,0.184572531737352,0.475290064641458,TRUE,0.469522096003986,0.453856867065662
3,153.52,1.52000000000001,-0.121916564431678,0.19328546620498,0.568899870634216,TRUE,0.469520858892081,0.451678633448755
3,153.53,1.53,-0.1099215128793,0.188116047731432,0.941964927962843,TRUE,0.472519621780175,0.452970988067142
3,153.54,1.53999999999999,-0.106397049562215,0.194711335140237,0.555638484594641,TRUE,0.473400737609446,0.451322166214941
3,153.55,1.55000000000001,-0.102401998009837,0.22624779901963,0.462749325516652,TRUE,0.474399500497541,0.443438050245093
3,153.56,1.56,-0.0972304758692236,0.24201955701667,0.558690102604341,TRUE,0.475692381032694,0.439495110745833
3,153.57,1.56999999999999,-0.0965295419639045,0.25379131501371,0.724023997486847,TRUE,0.475867614509024,0.436552171246573
3,153.58,1.58000000000001,-0.0845344904115262,0.258974837716632,0.765419001086284,TRUE,0.478866377397118,0.435256290570842
3,153.59,1.59,-0.0708923800356185,0.232393654537202,0.87201320768757,TRUE,0.482276904991095,0.4419015863657
3,153.6,1.59999999999999,-0.0628973284832405,0.228636000769536,0.626570987920039,TRUE,0.48427566787919,0.442840999807616
3,153.61,1.61000000000001,-0.0405493357543922,0.213819523472458,0.632160923282996,TRUE,0.489862666061402,0.446545119131886
3,153.62,1.62,-0.0506719312608371,0.220179516763616,0.629688515517197,TRUE,0.487332017184791,0.444955120809096
3,153.63,1.63,-0.0476180561790471,0.232892451231244,0.612650918913637,TRUE,0.488095485955238,0.441776887192189
3,153.64,1.63999999999999,-0.0753877105090218,0.277605385698872,0.628411352986051,TRUE,0.481153072372745,0.430598653575282
3,153.65,1.65000000000001,-0.0730397177801727,0.255024202519442,1.17299971664613,TRUE,0.481740070554957,0.43624394937014
3,153.66,1.66,-0.0643387838748534,0.284443019340011,1.44185007334809,TRUE,0.483915304031287,0.428889245164997
3,153.67,1.66999999999999,-0.0466966734989459,0.289391247925286,1.54264319664667,TRUE,0.488325831625264,0.427652188018678
3,153.68,1.68000000000001,-0.0659957395936267,0.313868888275267,1.17299913678555,TRUE,0.483501065101593,0.421532777931183
3,153.69,1.69,-0.0495300998059545,0.318581822742896,1.0823808438159,TRUE,0.487617475048511,0.420354544314276
3,153.7,1.69999999999999,-0.072593871782988,0.361412404269347,0.357564681722968,TRUE,0.481851532054253,0.409646898932663
3,153.71,1.71000000000001,-0.0923635261129629,0.384478279913446,0.360703582558296,TRUE,0.476909118471759,0.403880430021638
3,153.72,1.72,-0.0711920039723495,0.38072062614578,0.063012776899947,TRUE,0.482201999006913,0.404819843463555
3,153.73,1.72999999999999,-0.0681381288905595,0.348021795907526,0.0384009414839944,TRUE,0.48296546777736,0.412994551023118
3,153.74,1.74000000000001,-0.0796724891028873,0.347558259786919,0.355054076438154,TRUE,0.480081877724278,0.41311043505327
3,153.75,1.75,-0.0650892022563916,0.315565311901606,0.213782455364627,TRUE,0.483727699435902,0.421108672024598
3,153.76,1.75999999999999,-0.0434470918804838,0.28145471695747,1.13370242299351,TRUE,0.489138227029879,0.429636320760633
3,153.77,1.77000000000001,-0.0627461579751646,0.277697063189804,1.43246403054352,TRUE,0.484313460506209,0.430575734202549
3,153.78,1.78,-0.0505158123051395,0.287586468245667,1.30547859146663,TRUE,0.487371046923715,0.428103382938583
3,153.79,1.78999999999999,-0.0491089960468788,0.278652343889766,1.33591741928167,TRUE,0.48772275098828,0.430336914027559
3,153.8,1.80000000000001,-0.0378198268474421,0.298188807769159,1.49243298547399,TRUE,0.49054504328814,0.42545279805771
3,153.81,1.81,-0.0161777164715346,0.250195859883846,0.711646921135417,TRUE,0.495955570882116,0.437451035029038
3,153.82,1.81999999999999,-0.0126532531544502,0.248555853175004,0.451399326624097,TRUE,0.496836686711387,0.437861036706249
3,153.83,1.83000000000001,-0.0277170251314836,0.24385702293675,1.40171993917896,TRUE,0.493070743717129,0.439035744265813
3,153.84,1.84,0.00780743818560055,0.222217016227907,1.58749121247732,TRUE,0.5019518595464,0.444445745943023
3,153.85,1.84999999999999,0.0073319015026847,0.208341715401418,2.13341751105933,TRUE,0.501832975375671,0.447914571149646
3,153.86,1.86000000000001,-0.0216142234155253,0.250466414574928,2.64626883609051,TRUE,0.494596444146119,0.437383396356268
3,153.87,1.87,-0.00844270127491207,0.246238172571968,2.87950708362316,TRUE,0.497889324681272,0.438440456857008
3,153.88,1.88,0.0590817620421717,0.183186401157243,2.67731894870655,TRUE,0.514770440510543,0.454203399710689
3,153.89,1.88999999999999,0.0630768135945498,0.154958159154283,2.51792006612399,TRUE,0.515769203398637,0.461260460211429
3,153.9,1.90000000000001,0.115307159264575,0.111200505386618,2.33709613028346,TRUE,0.528826789816144,0.472199873653346
3,153.91,1.91,0.128713975522836,0.0594428516189517,2.05566714848179,TRUE,0.532178493880709,0.485139287095262
3,153.92,1.91999999999999,0.165179615310508,-0.00949127273694952,2.31663437415897,TRUE,0.541294903827627,0.502372818184237
3,153.93,1.93000000000001,0.135527608039357,-0.00595480885755659,2.24989380205556,TRUE,0.533881902009839,0.501488702214389
3,153.94,1.94,0.121875600768206,0.0107581256100715,1.5758047646269,TRUE,0.530468900192051,0.497310468597482
3,153.95,1.94999999999999,0.123047122908819,-0.00758776345171217,1.17123242388416,TRUE,0.530761780727205,0.501896940862928
3,153.96,1.96000000000001,0.123042174461197,0.0140663474865043,0.964985323386527,TRUE,0.530760543615299,0.496483413128374
3,153.97,1.97,0.114096049542987,0.0347792819541326,0.483402062136401,TRUE,0.528524012385747,0.491305179511467
3,153.98,1.97999999999999,0.116208748154189,0.032433392892349,0.479747899219171,TRUE,0.529052187038547,0.491891651776913
3,153.99,1.99000000000001,0.13432144676539,0.0270286803011539,0.137047124576667,TRUE,0.533580361691347,0.493242829924712
3,154,2,0.098316498317768,0.0310357324158408,0.0460077564720318,TRUE,0.524579124579442,0.49224106689604
3,154.01,2.00999999999999,0.12842919692897,0.00586631394229258,0.341995376547636,TRUE,0.532107299232243,0.498533421514427
3,154.02,2.02000000000001,0.113600719069584,0.00846160135109742,0.130142716294661,TRUE,0.528400179767396,0.497884599662226
3,154.03,2.03,0.113595770621962,0.00164512405401975,0.429327307282022,TRUE,0.52839894265549,0.499588718986495
3,154.04,2.03999999999999,0.120649645703752,-0.00352429441952857,0.482593761503027,TRUE,0.530162411425938,0.500881073604882
3,154.05,2.05000000000001,0.122527050197307,0.0157768753422173,0.715590120226096,TRUE,0.530631762549327,0.496055781164446
3,154.06,2.06,0.117816219396744,0.0296662803980807,0.769312314935437,TRUE,0.529454054849186,0.49258342990048
3,154.07,2.06999999999999,0.111223035655004,0.0221439207480616,1.02528418456552,TRUE,0.527805758913751,0.494464019812985
3,154.08,2.08000000000001,0.0740416166191473,0.0597980316862781,0.810617359181674,TRUE,0.518510404154787,0.48505049207843
3,154.09,2.09,0.0700366681715259,0.0586286132127299,0.964373877558665,TRUE,0.517509167042882,0.485342846696818
3,154.1,2.09999999999999,0.0556787785474334,0.0304003712097698,1.10464982816118,TRUE,0.513919694636858,0.492399907197558
3,154.11,2.11000000000001,0.0142620653939293,0.0212309527362216,1.33078849848992,TRUE,0.503565516348482,0.494692261815945
3,154.12,2.12,0.0163747640051309,0.0186497695567912,1.64229169796752,TRUE,0.504093691001283,0.495337557610802
3,154.13,2.13,0.0361345214398622,-0.0356961195049923,1.73109895738682,TRUE,0.509033630359966,0.508924029876248
3,154.14,2.13999999999999,0.0102472200510636,-0.0222773026844228,1.75096675334086,TRUE,0.502561805012766,0.505569325671106
3,154.15,2.15000000000001,0.000124624544618259,-0.0189761329226769,1.67762653532596,TRUE,0.500031156136155,0.504744033230669
3,154.16,2.16,-0.0165862062559448,-0.0297926102197547,1.15468624347684,TRUE,0.495853448436014,0.507448152554939
3,154.17,2.16999999999999,-0.0575323311741546,-0.0137855581050678,0.772502674154996,TRUE,0.485616917206461,0.503446389526267
3,154.18,2.18000000000001,-0.0787137502100119,0.00857443518608978,0.74525415794581,TRUE,0.480321562447497,0.497856391203478
3,154.19,2.19,-0.106012816304693,-0.00859498328745847,1.20683908524852,TRUE,0.473496795923827,0.502148745821865
3,154.2,2.19999999999999,-0.108606000046432,0.0123532452978168,0.89218233100369,TRUE,0.472848499988392,0.496911688675546
3,154.21,2.21000000000001,-0.0709638896705243,0.0401250032948569,0.920818369021156,TRUE,0.482259027582369,0.489968749176286
3,154.22,2.22,-0.0664982498828522,0.0476614671742498,0.807258422964661,TRUE,0.483375437529287,0.488084633206438
3,154.23,2.22999999999999,-0.0547384924481211,0.0594332251712896,0.906729668043181,TRUE,0.48631537688797,0.485141693707178
3,154.24,2.24000000000001,-0.0549787350133897,0.0608520419918589,0.658694242776983,TRUE,0.486255316246653,0.484786989502035
3,154.25,2.25,-0.0422778011080705,0.060623799988899,0.910235436305012,TRUE,0.489430549722982,0.484844050002775
3,154.26,2.25999999999999,-0.0651062789674569,0.0585132050447625,1.04626228520672,TRUE,0.483723430258136,0.485371698738809
3,154.27,2.27000000000001,-0.050758286238608,0.052167315982979,0.571462033452875,TRUE,0.487310428440348,0.486958171004255
3,154.28,2.28,-0.098057352333289,0.0773508386859014,0.74000935870729,TRUE,0.475485661916678,0.480662290328525
3,154.29,2.28999999999999,-0.0552387713691459,0.0771225966829414,0.348234396384387,TRUE,0.486190307157713,0.480719350829265
3,154.3,2.30000000000001,-0.053126072757944,0.0764237664446874,0.433516792798357,TRUE,0.486718481810514,0.480894058388828
3,154.31,2.31,-0.0392486682643895,0.104195524441727,0.223022768908526,TRUE,0.490187832933903,0.473951118889568
3,154.32,2.31999999999999,-0.0460771461237762,0.0978496353799438,0.720227658984105,TRUE,0.488480713469056,0.475537591155014
3,154.33,2.33000000000001,0.0125061407227196,0.0672684522005131,0.732834761097967,TRUE,0.50312653518068,0.483182886949872
3,154.34,2.34,-0.0230282194896084,0.0809225631387294,1.19775068551255,TRUE,0.494242945127598,0.479769359215318
3,154.35,2.34999999999999,-0.0131508149960538,0.0837531446651811,0.889055928820603,TRUE,0.496712296250987,0.479061713833705
3,154.36,2.36000000000001,-0.0183322340319108,0.055289608544574,1.13429326582483,TRUE,0.495416941492022,0.486177597863857
3,154.37,2.37,0.00966281752046747,0.0847084253651433,1.01543303502843,TRUE,0.502415704380117,0.478822893658714
3,154.38,2.38,-0.00375389563303656,0.117656653950419,1.38314016341238,TRUE,0.499061526091741,0.470585836512395
3,154.39,2.38999999999999,0.0334176265075769,0.0858990001827527,0.65475333169981,TRUE,0.508354406626894,0.478525249954312
3,154.4,2.40000000000001,0.0421185604128962,0.0863766405327336,0.77038432621488,TRUE,0.510529640103224,0.478405839866817
3,154.41,2.41,0.0715253766711566,0.0819131044121267,0.865844609810787,TRUE,0.517881344167789,0.479521723896968
3,154.42,2.41999999999999,0.0672851341058873,0.0706260388797551,1.00148460497888,TRUE,0.516821283526472,0.482343490280061
3,154.43,2.43000000000001,0.100927244481795,0.0586330909944422,0.70528113593981,TRUE,0.525231811120449,0.485341727251389
3,154.44,2.44,0.0802164136812323,0.0918166136973646,0.917266078409018,TRUE,0.520054103420308,0.477045846575659
3,154.45,2.44999999999999,0.061623229939493,0.0770001364002869,1.15221064990684,TRUE,0.515405807484873,0.480749965899928
3,154.46,2.46000000000001,0.0820888697271652,0.0845366002796798,1.1904853737898,TRUE,0.520522217431791,0.47886584993008
3,154.47,2.47,0.0797309801030728,0.105484828864955,1.23158720792024,TRUE,0.519932745025768,0.473628792783761
3,154.48,2.47999999999999,0.0512554434201569,0.150197763332583,1.15302974109143,TRUE,0.512813860855039,0.462450559166854
3,154.49,2.49000000000001,0.0863093185019466,0.163145991917859,1.37851395841659,TRUE,0.521577329625487,0.459213502020535
3,154.5,2.5,0.116892605348442,0.181270691091369,1.59032520711079,TRUE,0.529223151337111,0.454682327227158
3,154.51,2.50999999999999,0.101828833371409,0.202924802029585,1.77639432712907,TRUE,0.525457208342852,0.449268799492604
3,154.52,2.52000000000001,0.132882708453199,0.202696560026625,1.8330145566626,TRUE,0.5332206771133,0.449325859993344
3,154.53,2.53,0.138054230593813,0.175880082729548,1.88024667638361,TRUE,0.534513557648453,0.456029979317613
3,154.54,2.53999999999999,0.136637517440309,0.206004781903058,1.42774740223366,TRUE,0.534159379360077,0.448498804524235
3,154.55,2.55000000000001,0.138279627816216,0.25683536342951,0.988095643743141,TRUE,0.534569906954054,0.435791159142623
3,154.56,2.56,0.134039385250947,0.258489474367726,0.662214102337695,TRUE,0.533509846312737,0.435377631408068
3,154.57,2.56999999999999,0.144152083862149,0.27637887942359,0.340093876449527,TRUE,0.536038020965537,0.430905280144103
3,154.58,2.58000000000001,0.17026478247335,0.291444755067689,0.549742322971682,TRUE,0.542566195618338,0.427138811233078
3,154.59,2.59,0.13731865755514,0.2815694542412,0.654645782000907,TRUE,0.534329664388785,0.4296076364397
3,154.6,2.59999999999999,0.131901944401636,0.261811800473534,0.726489790742141,TRUE,0.532975486100409,0.434547049881617
3,154.61,2.61000000000001,0.146249937130485,0.247936499647044,0.703683734349992,TRUE,0.536562484282621,0.438015875088239
3,154.62,2.62,0.113303812212274,0.238531787055849,0.731773353302914,TRUE,0.528325953053069,0.440367053236038
3,154.63,2.63,0.0947106284705352,0.249597662699948,0.863413901969575,TRUE,0.523677657117634,0.437600584325013
3,154.64,2.63999999999999,0.111411562375855,0.24278118540287,0.792246875410765,TRUE,0.527852890593964,0.439304703649283
3,154.65,2.65000000000001,0.0770536727517623,0.259258825752851,0.642750986027353,TRUE,0.51926341818794,0.435185293561787
3,154.66,2.66,0.062931077245317,0.274559995514597,0.646131443733702,TRUE,0.515732769311329,0.431360001121351
3,154.67,2.66999999999999,0.054455540562401,0.270567047629284,0.846591660632698,TRUE,0.5136138851406,0.432358238092679
3,154.68,2.68000000000001,0.0513917685853674,0.255985864449853,0.993731240731098,TRUE,0.512847942146342,0.436003533887537
3,154.69,2.69,0.0831515260200987,0.293875269505717,0.661762393668477,TRUE,0.520787881505025,0.426531182623571
3,154.7,2.69999999999999,0.0746759893371831,0.314352909855698,0.448501175724136,TRUE,0.518668997334296,0.421411772536075
3,154.71,2.71000000000001,0.0904357467719144,0.319536432558621,0.351862714716792,TRUE,0.522608936692979,0.420115891860345
3,154.72,2.72,0.118901386559587,0.33695524937919,0.752611057356571,TRUE,0.529725346639897,0.415761187655202
3,154.73,2.72999999999999,0.126190555759024,0.347079948552701,0.963888585835862,TRUE,0.531547638939756,0.413230012861825
3,154.74,2.74000000000001,0.0934797249584609,0.322381118314446,0.796122611960413,TRUE,0.523369931239615,0.419404720421388
3,154.75,2.75,0.131592423569662,0.287799935135016,0.857859312354863,TRUE,0.532898105892416,0.428050016216246
3,154.76,2.75999999999999,0.109705122180864,0.28004228136735,1.14973679919409,TRUE,0.527426280545216,0.429989429658163
3,154.77,2.77000000000001,0.140523703145007,0.245696392305566,0.517342147018576,TRUE,0.535130925786252,0.438575901923608
3,154.78,2.78,0.155106989991503,0.237232856184959,0.512993830668894,TRUE,0.538776747497876,0.44069178595376
3,154.79,2.78999999999999,0.138160865073293,0.267828143593764,0.991580455258708,TRUE,0.534540216268323,0.433042964101559
3,154.8,2.80000000000001,0.157920622508023,0.236305783943745,0.57032716653894,TRUE,0.539480155627006,0.440923554014064
3,154.81,2.81,0.181209791707461,0.246195188999608,0.698595559584323,TRUE,0.545302447926865,0.438451202750098
3,154.82,2.81999999999999,0.12355778443631,0.273261064643707,0.932414407533265,TRUE,0.530889446109077,0.431684733839073
3,154.83,2.83000000000001,0.128023424223981,0.281268116758394,0.738353185705769,TRUE,0.532005856055995,0.429682970810401
3,154.84,2.84,0.132959652246948,0.238216345343669,0.782701510390162,TRUE,0.533239913061737,0.440445913664083
3,154.85,2.84999999999999,0.104248821446385,0.260576338634827,1.35347108845562,TRUE,0.526062205361596,0.434855915341293
3,154.86,2.86000000000001,0.088243872998763,0.224348096631867,1.04904380223152,TRUE,0.522060968249691,0.443912975842033
3,154.87,2.87,0.117415395139376,0.177766913452436,1.02140103181549,TRUE,0.529353848784844,0.455558271636891
3,154.88,2.88,0.109881034927049,0.170479847920065,1.33686211828922,TRUE,0.527470258731762,0.457380038019984
3,154.89,2.88999999999999,0.0971702041264855,0.173545723564163,1.78968071134255,TRUE,0.524292551031621,0.456613569108959
3,154.9,2.90000000000001,0.126106432149452,0.119435128620027,1.29558389113299,TRUE,0.531526608037363,0.470141217844993
3,154.91,2.91,0.116454424878301,0.128618651322949,1.78187566915062,TRUE,0.529113606219575,0.467845337169263
3,154.92,2.91999999999999,0.126331829371856,0.148155115202342,2.03011654950348,TRUE,0.531582957342964,0.462961221199414
3,154.93,2.93000000000001,0.128209233865411,0.126279814375853,1.9183716899898,TRUE,0.532052308466353,0.468430046406037
3,154.94,2.94,0.191027814829554,0.0947574547258339,2.03659429918049,TRUE,0.547756953707389,0.476310636318542
3,154.95,2.94999999999999,0.23196404285252,0.135705683311109,NA,FALSE,0.55799101071313,0.466073579172223
3,154.96,2.96000000000001,0.26466497675784,0.147948029543443,NA,FALSE,0.56616624418946,0.463012992614139
3,154.97,2.97,0.280660028310218,0.111013905187542,NA,FALSE,0.570165007077555,0.472246523703114
3,154.98,2.97999999999999,0.323713903392008,0.1333738984787,NA,FALSE,0.580928475848002,0.466656525380325
3,154.99,2.99000000000001,0.333120719650268,0.151733891769857,NA,FALSE,0.583280179912567,0.462066527057536
4,184.32,0.319999999999993,0.284489275716654,-0.183817549970711,NA,FALSE,0.571122318929163,0.545954387492678
4,184.33,0.330000000000013,0.308954915504326,-0.186634027267789,NA,FALSE,0.577238728876081,0.546658506816947
4,184.34,0.340000000000003,0.290832319997881,-0.197685798682514,NA,FALSE,0.57270807999947,0.549421449670628
4,184.35,0.349999999999994,0.302827371550259,-0.212737570097238,NA,FALSE,0.575706842887565,0.55318439252431
4,184.36,0.360000000000014,0.274351834867343,-0.216495223864904,NA,FALSE,0.568587958716836,0.554123805966226
4,184.37,0.370000000000005,0.264935121713839,-0.188017583514923,NA,FALSE,0.56623378042846,0.547004395878731
4,184.38,0.379999999999995,0.263988996795629,-0.194834060812001,0.421457710883459,TRUE,0.565997249198907,0.548708515203
4,184.39,0.389999999999986,0.286336989524478,-0.140474067520843,0.368994019119652,TRUE,0.57158424738112,0.535118516880211
4,184.4,0.400000000000006,0.277861452841561,-0.131055250700274,0.633953183684189,TRUE,0.56946536321039,0.532763812675068
4,184.41,0.409999999999997,0.291268269099822,-0.141401139762058,0.988415492035908,TRUE,0.572817067274956,0.535350284940515
4,184.42,0.419999999999987,0.307733908887494,-0.15268820529443,1.22579880502819,TRUE,0.576933477221874,0.538172051323607
4,184.43,0.430000000000007,0.319258372204578,-0.153151741415037,1.1386793633767,TRUE,0.579814593051145,0.538287935353759
4,184.44,0.439999999999998,0.310782835521663,-0.146085865770938,1.26859824805827,TRUE,0.577695708880416,0.536521466442734
4,184.45,0.449999999999989,0.325836710603453,-0.13737293130331,0.7656384537425,TRUE,0.581459177650863,0.534343232825827
4,184.46,0.460000000000008,0.374537644508772,-0.131012938012152,0.718377750729876,TRUE,0.593634411127193,0.532753234503038
4,184.47,0.469999999999999,0.376650343119974,-0.128652944720994,0.682418302334064,TRUE,0.594162585779993,0.532163236180249
4,184.48,0.47999999999999,0.370527747613529,-0.120645892606307,0.876089018457617,TRUE,0.592631936903382,0.530161473151577
4,184.49,0.490000000000009,0.390052210930612,-0.13499178166809,0.592329476834743,TRUE,0.597513052732653,0.533747945417023
4,184.5,0.5,0.370047262482991,-0.13122002367105,0.75759250370813,TRUE,0.592511815620748,0.532805005917763
4,184.51,0.509999999999991,0.34910113756478,-0.0968600303798928,0.700363123041864,TRUE,0.587275284391195,0.524215007594973
4,184.52,0.52000000000001,0.357096189117158,-0.1053235665005,0.935859796504122,TRUE,0.58927404727929,0.526330891625125
4,184.53,0.530000000000001,0.364385358316595,-0.0747282790916955,0.859537094601823,TRUE,0.591096339579149,0.518682069772924
4,184.54,0.539999999999992,0.343909821633679,-0.092838874035832,1.28768347965052,TRUE,0.58597745540842,0.523209718508958
4,184.55,0.550000000000011,0.352610755538999,-0.0740082925093803,1.29891289606788,TRUE,0.58815268888475,0.518502073127345
4,184.56,0.560000000000002,0.341782277679613,-0.0620012403946932,1.18388204619304,TRUE,0.585445569419903,0.515500310098673
4,184.57,0.569999999999993,0.354718505702579,-0.0299941882800061,1.13307466201565,TRUE,0.588679626425645,0.507498547070002
4,184.58,0.580000000000013,0.357301792549075,-0.0361047832241425,1.09879665761019,TRUE,0.589325448137269,0.509026195806036
4,184.59,0.590000000000003,0.36388507939557,0.0208434453611329,0.752719881698838,TRUE,0.590971269848893,0.494789138659717
4,184.6,0.599999999999994,0.351174248595007,0.00249755629934932,1.36383174983984,TRUE,0.587793562148752,0.499375610925163
4,184.61,0.610000000000014,0.367169300147385,-0.0010248033506695,1.22167564290332,TRUE,0.591792325036846,0.500256200837667
4,184.62,0.620000000000005,0.363164351699764,0.0269822487640175,1.04565839150008,TRUE,0.590791087924941,0.493254437808996
4,184.63,0.629999999999995,0.372806462075672,0.0145187126434102,0.899535186896871,TRUE,0.593201615518918,0.496370321839147
4,184.64,0.639999999999986,0.403860337157462,-0.00194482347719695,0.945287058136212,TRUE,0.600965084289365,0.500486205869299
4,184.65,0.650000000000006,0.429267153415722,0.0305328168727842,0.537802401443582,TRUE,0.60731678835393,0.492366795781804
4,184.66,0.659999999999997,0.416556322615159,0.0441869278110005,0.217691695417132,TRUE,0.60413908065379,0.48895326804725
4,184.67,0.669999999999987,0.40502196240283,0.034076332866864,0.784387288644847,TRUE,0.601255490600708,0.491480916783284
4,184.68,0.680000000000007,0.416546425719915,0.0472598555697864,1.15903352036998,TRUE,0.604136606429979,0.488185036107553
4,184.69,0.689999999999998,0.407365006684058,0.0550316135668263,1.69968174462555,TRUE,0.601841251671015,0.486242096608293
4,184.7,0.699999999999989,0.419360058236437,0.0413916068579839,2.15403786485871,TRUE,0.604840014559109,0.489652098285504
4,184.71,0.710000000000008,0.375119815671168,0.0023398354432592,2.31586854925358,TRUE,0.593779953917792,0.499415041139185
4,184.72,0.719999999999999,0.35158545545884,-0.0858884065597009,1.74840978775813,TRUE,0.58789636386471,0.521472101639925
4,184.73,0.72999999999999,0.33628638936416,-0.0976460603273669,1.94257661248122,TRUE,0.58407159734104,0.524411515081842
4,184.74,0.740000000000009,0.307575558563597,-0.160697831742092,1.77149454808322,TRUE,0.576893889640899,0.540174457935523
4,184.75,0.75,0.291100021880681,-0.210337838450934,1.80070423081074,TRUE,0.57277500547017,0.552584459612733
4,184.76,0.759999999999991,0.307800955786001,-0.193389609865658,1.78349438909701,TRUE,0.5769502389465,0.548347402466415
4,184.77,0.77000000000001,0.32450188969132,-0.12467667539803,1.06170543856806,TRUE,0.58112547242283,0.531169168849507
4,184.78,0.780000000000001,0.279085176537815,-0.13855197622452,0.182452095512259,TRUE,0.569771294134454,0.53463799405613
4,184.79,0.789999999999992,0.285433169266664,-0.0968978652863031,0.175381633455886,TRUE,0.571358292316666,0.524224466321576
4,184.8,0.800000000000011,0.262839985524924,-0.0804202249363222,0.967362174107302,TRUE,0.565709996381231,0.520105056234081
4,184.81,0.810000000000002,0.291305625312596,-0.1072367022334,1.33637643678251,TRUE,0.572826406328149,0.52680917555835
4,184.82,0.819999999999993,0.293418323923798,-0.0811120030598891,1.01295953802023,TRUE,0.57335458098095,0.520278000764972
4,184.83,0.830000000000013,0.331531022535,-0.085104950945202,0.713107141671882,TRUE,0.58288275563375,0.5212762377363
4,184.84,0.840000000000003,0.323055485852084,-0.111686134124633,0.8076226214589,TRUE,0.580763871463021,0.527921533531158
4,184.85,0.849999999999994,0.365874066816227,-0.0716790820099455,0.175875213207321,TRUE,0.591468516704057,0.517919770502486
4,184.86,0.860000000000014,0.347280883074487,-0.0744955593070234,0.418092928889805,TRUE,0.586820220768622,0.518623889826756
4,184.87,0.870000000000005,0.349393581685689,-0.0900179189570423,0.742315817703785,TRUE,0.587348395421422,0.522504479739261
4,184.88,0.879999999999995,0.305388633238067,-0.0485991021364729,0.620361277793233,TRUE,0.576347158309517,0.512149775534118
4,184.89,0.889999999999986,0.305618978908092,-0.053768520610021,0.891930141160114,TRUE,0.576404744727023,0.513442130152505
4,184.9,0.900000000000006,0.270319912813412,-0.0848202920247458,1.23711090095289,TRUE,0.567579978203353,0.521205073006186
4,184.91,0.909999999999997,0.269609082012849,-0.0349308869688821,0.703975244279618,TRUE,0.567402270503212,0.50873272174222
4,184.92,0.919999999999987,0.273133545329933,-0.0276297172071361,0.555635688487363,TRUE,0.568283386332483,0.506907429301784
4,184.93,0.930000000000007,0.323010949823488,-0.0196226650924491,0.308014736531006,TRUE,0.580752737455872,0.504905666273112
4,184.94,0.939999999999998,0.326064824905278,0.0128549752575321,0.321331894352787,TRUE,0.58151620622632,0.496786256185617
4,184.95,0.949999999999989,0.32417752351648,0.024391439136925,0.602057413023049,TRUE,0.58104438087912,0.493902140215769
4,184.96,0.960000000000008,0.343701986833563,0.0025161383104356,0.751503795105516,TRUE,0.585925496708391,0.499370965422391
4,184.97,0.969999999999999,0.358520567797706,-0.0144179860454658,0.63719884915567,TRUE,0.589630141949427,0.503604496511366
4,184.98,0.97999999999999,0.334986207585379,-0.059352110401367,0.671091718154442,TRUE,0.583746551896345,0.514838027600342
4,184.99,0.990000000000009,0.340628317961286,-0.0513450582866799,0.298921605435175,TRUE,0.585157079490321,0.51283626457167
4,185,1,0.36815278127837,-0.0755733002896401,0.14497623061485,TRUE,0.592038195319592,0.51889332507241
4,185.01,1.00999999999999,0.352383126948396,-0.074860365822012,0.182624480900401,TRUE,0.588095781737099,0.518715091455503
4,185.02,1.02000000000001,0.33590759026548,-0.0576768431190896,0.307288347807488,TRUE,0.58397689756637,0.514419210779772
4,185.03,1.03,0.341784994759034,-0.000493320416167367,0.135991232627842,TRUE,0.585446248689759,0.500123330104042
4,185.04,1.03999999999999,0.343191811017296,0.0063372611102844,0.431368410951552,TRUE,0.585797952754324,0.498415684722429
4,185.05,1.05000000000001,0.327892744922615,0.0286972544014421,0.508999177461917,TRUE,0.581973186230654,0.49282568639964
4,185.06,1.06,0.343181914122052,0.0178807771043646,0.774546842517715,TRUE,0.585795478530513,0.495529805723909
4,185.07,1.06999999999999,0.373765200968548,-0.0129357001927131,1.01807339870502,TRUE,0.593441300242137,0.503233925048178
4,185.08,1.08000000000001,0.372583781932691,-0.0195168833721437,0.782398012564308,TRUE,0.593145945483173,0.504879220843036
4,185.09,1.09,0.377049421720362,-0.0373921841986332,0.62817870752517,TRUE,0.59426235543009,0.509348046049658
4,185.1,1.09999999999999,0.387162120331563,-0.0202086614957109,0.630786960843521,TRUE,0.596790530082891,0.505052165373928
4,185.11,1.11000000000001,0.376568936589824,0.00921015532485843,0.960060991527447,TRUE,0.594142234147456,0.497697461168785
4,185.12,1.12,0.34315222343632,0.0367466192042514,0.915997993232902,TRUE,0.58578805585908,0.490813345198937
4,185.13,1.13,0.357264922047521,0.0256948477895266,0.683218214790039,TRUE,0.58931623051188,0.493576288052618
4,185.14,1.13999999999999,0.354907032423429,0.0673489587277429,0.756546525411338,TRUE,0.588726758105857,0.483162760318064
4,185.15,1.15000000000001,0.362431495740513,0.0730030696659593,0.757667787135016,TRUE,0.590607873935128,0.48174923258351
4,185.16,1.16,0.433485370822303,0.0304218864865287,0.241687811875123,TRUE,0.608371342705576,0.492394528378368
4,185.17,1.16999999999999,0.44312748119821,0.030664232718863,0.444595249057505,TRUE,0.610781870299553,0.492333941820284
4,185.18,1.18000000000001,0.445710768044706,0.0087889318923736,0.865232564264554,TRUE,0.611427692011177,0.497802767026907
4,185.19,1.19,0.455117584302967,-0.00885107481646869,0.920509749904739,TRUE,0.613779396075742,0.502212768704117
4,185.2,1.19999999999999,0.460289106443581,-0.0415499050547229,1.12710639862338,TRUE,0.615072276610895,0.510387476263681
4,185.21,1.21000000000001,0.409931216819489,-0.006484029410624,1.01424537908962,TRUE,0.602482804204872,0.501621007352656
4,185.22,1.22,0.424279209548338,-0.00153580082534876,0.133333826886469,TRUE,0.606069802387084,0.500383950206337
4,185.23,1.22999999999999,0.435333084630128,0.013059486583456,0.496699300635954,TRUE,0.608833271157532,0.496735128354136
4,185.24,1.24000000000001,0.447328136182506,-0.0205805201253863,0.757588580075459,TRUE,0.611832034045627,0.505145130031347
4,185.25,1.25,0.455558481852532,-0.00504405624599347,1.34122921952212,TRUE,0.613889620463133,0.501261014061498
4,185.26,1.25999999999999,0.439788827522556,-0.00738994530777699,1.07577658186078,TRUE,0.609947206880639,0.501847486326944
4,185.27,1.27000000000001,0.419077996721994,0.0276759303363217,0.163349997953288,TRUE,0.604769499180498,0.49308101741592
4,185.28,1.28,0.390837754156724,0.0465065118627734,0.314016308653855,TRUE,0.597709438539181,0.488373372034307
4,185.29,1.28999999999999,0.392715158650279,0.0731017992715781,0.430970169999899,TRUE,0.59817878966257,0.481724550182105
4,185.3,1.30000000000001,0.360004327849715,0.10393238079803,0.646686829825594,TRUE,0.590001081962429,0.474016904800493
4,185.31,1.31,0.371058202931506,0.0361747270303638,0.560208936201671,TRUE,0.592764550732876,0.490956318242409
4,185.32,1.31999999999999,0.396700313307413,-0.0186417502667137,0.405324581427024,TRUE,0.599175078326853,0.504660437566678
4,185.33,1.33000000000001,0.422813011918615,-0.036046462857909,0.438278026498718,TRUE,0.605703252979654,0.509011615714477
4,185.34,1.34,0.416925710529817,-0.0306276460373395,0.486342952631882,TRUE,0.604231427632454,0.507656911509335
4,185.35,1.34999999999999,0.422097232670431,-0.0870911821579467,0.323449210787355,TRUE,0.605524308167608,0.521772795539487
4,185.36,1.36000000000001,0.394092284222809,-0.00943707121973034,0.928225357914022,TRUE,0.598523071055702,0.502359267804933
4,185.37,1.37,0.397146159304599,0.00562880442436828,0.591548726547198,TRUE,0.59928653982615,0.498592798893908
4,185.38,1.38,0.375729446151094,0.00657703300964361,0.552645443117662,TRUE,0.593932361537774,0.498355741747589
4,185.39,1.38999999999999,0.403724497703472,-0.00541591487566944,0.918419962972923,TRUE,0.600931124425868,0.501353978718917
4,185.4,1.40000000000001,0.408896019844086,0.0414146666507826,0.692656682550655,TRUE,0.602224004961021,0.489646333337304
4,185.41,1.41,0.439244012572935,0.0395393658242931,1.13471758305513,TRUE,0.609811003143234,0.490115158543927
4,185.42,1.41999999999999,0.435709652360607,0.04354641793898,0.649961661688212,TRUE,0.608927413090152,0.489113395515255
4,185.43,1.43000000000001,0.435939998030633,0.0277887641713141,0.813403598618307,TRUE,0.608984999507658,0.493052808957171
4,185.44,1.44,0.395464461347717,0.0612075809918835,1.34494735689862,TRUE,0.598866115336929,0.484698104752029
4,185.45,1.44999999999999,0.40063598348833,0.0438028684006881,1.16310709350128,TRUE,0.600158995872082,0.489049282899828
4,185.46,1.46000000000001,0.406513387981885,0.0367510969859634,2.01317723746029,TRUE,0.601628346995471,0.490812225753509
4,185.47,1.47,0.465567263063675,-0.00771243913464375,1.79009395447139,TRUE,0.616391815765919,0.501928109783661
4,185.48,1.47999999999999,0.466032902851347,-0.0514700929023096,1.33974623254273,TRUE,0.616508225712837,0.512867523225577
4,185.49,1.49000000000001,0.475910307344902,-0.102286570199387,1.22829585015146,TRUE,0.618977576836225,0.525571642549847
4,185.5,1.5,0.478023005956104,-0.109573635731759,1.86622438383243,TRUE,0.619505751489026,0.52739340893294
4,185.51,1.50999999999999,0.482488645743776,-0.167448936558248,1.26094430373938,TRUE,0.620622161435944,0.541862234139562
4,185.52,1.52000000000001,0.434954285531448,-0.157324237384738,1.53401842636391,TRUE,0.608738571382862,0.539331059346184
4,185.53,1.53,0.442478748848532,-0.103670126446521,1.9085975671443,TRUE,0.610619687212133,0.52591753161163
4,185.54,1.53999999999999,0.459179682753851,-0.105310133155364,1.45077234344956,TRUE,0.614794920688463,0.526327533288841
4,185.55,1.55000000000001,0.441057087247405,-0.138950139864206,0.751170534321634,TRUE,0.610264271811851,0.534737534966051
4,185.56,1.56,0.435405079976254,-0.0904724995142248,1.00510089136638,TRUE,0.608851269994064,0.522618124878556
4,185.57,1.56999999999999,0.444576602116868,-0.127641917987773,0.184312804890493,TRUE,0.611144150529217,0.531910479496943
4,185.58,1.58000000000001,0.422924594845717,-0.213281924696615,0.726298788343815,TRUE,0.605731148711429,0.553320481174154
4,185.59,1.59,0.424331411103978,-0.205510166699576,0.74971358561727,TRUE,0.606082852775994,0.551377541674894
4,185.6,1.59999999999999,0.480326462656356,-0.184797232231947,0.595957301161279,TRUE,0.620081615664089,0.546199308057987
4,185.61,1.61000000000001,0.511615631855793,-0.214907827176084,0.828605879928294,TRUE,0.627903907963948,0.553726956794021
4,185.62,1.62,0.480316565761111,-0.187606657414338,1.31512854056459,TRUE,0.620079141440278,0.546901664353584
4,185.63,1.63,0.514193970254666,-0.147129017064357,1.30022568545267,TRUE,0.628548492563666,0.536782254266089
4,185.64,1.63999999999999,0.496541962983515,-0.165945494361434,1.09379893860682,TRUE,0.624135490745879,0.541486373590359
4,185.65,1.65000000000001,0.446889955712363,-0.1697031481291,1.9582456746928,TRUE,0.611722488928091,0.542425787032275
4,185.66,1.66,0.397237948441212,-0.218872566602649,2.53404963650765,TRUE,0.599309487110303,0.554718141650662
4,185.67,1.66999999999999,0.372997705875943,-0.220983161546785,2.99853318636103,TRUE,0.593249426468986,0.555245790386696
4,185.68,1.68000000000001,0.339345698604792,-0.224505521196804,2.76870013244003,TRUE,0.584836424651198,0.556126380299201
4,185.69,1.69,0.305458397215994,-0.239321998493882,3.49645251671353,FALSE,0.576364599303999,0.55983049962347
4,185.7,1.69999999999999,0.208982860533078,-0.20049141696743,3.01764571635086,FALSE,0.55224571513327,0.550122854241857
4,185.71,1.71000000000001,0.201919088556045,-0.171072600146861,2.8223394121597,FALSE,0.550479772139011,0.542768150036715
4,185.72,1.72,0.185914140108423,-0.162830253914527,2.47719926335802,FALSE,0.546478535027106,0.540707563478632
4,185.73,1.72999999999999,0.176262132837272,-0.170117319446898,2.50213565108808,FALSE,0.544065533209318,0.542529329861725
4,185.74,1.74000000000001,0.12990424321318,-0.162816149685152,NA,FALSE,0.532476060803295,0.540704037421288
4,185.75,1.75,0.168252235942028,-0.215044391688112,NA,FALSE,0.542063058985507,0.553761097922028
4,185.76,1.75999999999999,0.136482581612053,-0.175272633691073,NA,FALSE,0.534120645403013,0.543818158422768
4,185.77,1.77000000000001,0.125418809635019,-0.19973616981168,NA,FALSE,0.531354702408755,0.54993404245292
4,185.78,1.78,0.10282562589328,-0.168435000049934,NA,FALSE,0.52570640647332,0.542108750012483
6,256,0,-0.164157667424769,0.216143772811849,NA,FALSE,0.458960583143808,0.445964056797038
6,256.01,0.0099999999999909,-0.172868498225332,0.230739060220653,NA,FALSE,0.456782875443667,0.442315234944837
6,256.02,0.0199999999999818,-0.155461681967071,0.206040229982399,NA,FALSE,0.461134579508232,0.4484899425044
6,256.03,0.0299999999999727,-0.143937218649987,0.182047282097086,NA,FALSE,0.464015695337503,0.454488179475728
6,256.04,0.0400000000000205,-0.117353931803491,0.155230804800009,NA,FALSE,0.470661517049127,0.461192298799998
6,256.05,0.0500000000000114,-0.110300056721701,0.114767268679402,NA,FALSE,0.472424985819575,0.47130818283015
6,256.06,0.0600000000000023,-0.0928932404634406,0.127244909029383,2.57866557019971,FALSE,0.47677668988414,0.468188772742654
6,256.07,0.0699999999999932,-0.179957012440474,0.119722549379363,3.31754076510488,FALSE,0.455010746889881,0.470069362655159
6,256.08,0.0799999999999841,-0.133609019711625,0.0696119544352271,3.07343660893687,FALSE,0.466597745072094,0.482597011391193
6,256.09,0.089999999999975,-0.139496321100424,0.0397366536087377,2.92300922695614,TRUE,0.465125919724894,0.490065836597816
6,256.1,0.100000000000023,-0.11032479895981,0.00962605866460144,2.73331829391045,TRUE,0.472418800260048,0.49759348533385
6,256.11,0.110000000000014,-0.0818591591721376,-0.0553080656912998,2.21850812609943,TRUE,0.479535210206966,0.513827016422825
6,256.12,0.120000000000005,0.0056653041449465,-0.0875363076942598,2.37907676265136,TRUE,0.501416326036237,0.521884076923565
6,256.13,0.129999999999995,-0.0108102325379697,-0.0995292555795727,2.29002899499478,TRUE,0.497297441865508,0.524882313894893
6,256.14,0.139999999999986,-0.0176387103973564,-0.113639850523709,1.66727271387528,TRUE,0.495590322400661,0.528409962630927
6,256.15,0.149999999999977,-0.015761305903802,-0.127750445467846,1.29122994396315,TRUE,0.49605967352405,0.531937611366961
6,256.16,0.160000000000025,-0.0388250778808356,-0.118566922764923,1.12573166082188,TRUE,0.490293730529791,0.529641730691231
6,256.17,0.170000000000016,-0.0720064969166927,-0.133618694179648,0.632361633780625,TRUE,0.481998375770827,0.533404673544912
6,256.18,0.180000000000007,-0.0891879159525498,-0.11525870088849,1.60573954167113,TRUE,0.477703021011863,0.528814675222123
6,256.19,0.189999999999998,-0.11813404087076,-0.11313400171498,1.57978362499752,TRUE,0.47046648978231,0.528283500428745
6,256.2,0.199999999999989,-0.173903695200734,-0.098068126070881,1.8513668062741,TRUE,0.456524076199816,0.52451703151772
6,256.21,0.20999999999998,-0.179790996589533,-0.0928846033679585,2.20487186651836,TRUE,0.455052250852617,0.52322115084199
6,256.22,0.220000000000027,-0.15132535680186,-0.0517010806650362,2.0291934791252,TRUE,0.462168660799535,0.512925270166259
6,256.23,0.230000000000018,-0.168977364073011,-0.0611057932562316,1.86711860489688,TRUE,0.457755658981747,0.515276448314058
6,256.24,0.240000000000009,-0.170394077226516,-0.030745799965074,1.84547936188087,TRUE,0.457401480693371,0.507686449991269
6,256.25,0.25,-0.194869613909432,-0.0133269831445046,1.28963874514553,TRUE,0.451282596522642,0.503331745786126
6,256.26,0.259999999999991,-0.241462797651171,-0.0389669898533471,0.732360486529046,TRUE,0.439634300587207,0.509741747463337
6,256.27,0.269999999999982,-0.258408922569381,-0.0784893495033661,1.14980249806798,TRUE,0.435397769357655,0.519622337375842
6,256.28,0.279999999999973,-0.260531518075826,-0.0521293562122086,0.672992505703707,TRUE,0.434867120481043,0.513032339053052
6,256.29,0.29000000000002,-0.282654113582272,-0.053769362921051,0.382362979777398,TRUE,0.429336471604432,0.513442340730263
6,256.3,0.300000000000011,-0.246423767912246,-0.0525858402181287,0.16518076346519,TRUE,0.438394058021938,0.513146460054532
6,256.31,0.310000000000002,-0.21584048106575,-0.0292846704563827,0.215223175786031,TRUE,0.446039879733562,0.507321167614096
6,256.32,0.319999999999993,-0.235139547160431,0.020840028717128,0.559083759410055,TRUE,0.441215113209892,0.494789992820718
6,256.33,0.329999999999984,-0.213262142666876,-0.011152919168185,0.912723198145984,TRUE,0.446684464333281,0.502788229792046
6,256.34,0.339999999999975,-0.181737679349792,-0.0210282199946745,0.86133207543831,TRUE,0.454565580162552,0.505257054998669
6,256.35,0.350000000000023,-0.188330863091532,-0.027844697291752,0.89969284816561,TRUE,0.452917284227117,0.506961174322938
6,256.36,0.360000000000014,-0.191629929186212,-0.0367788216476532,0.701623970364312,TRUE,0.452092517703447,0.509194705411913
6,256.37,0.370000000000005,-0.183870171751482,-0.0605364754153191,0.594615102535394,TRUE,0.45403245706213,0.51513411885383
6,256.38,0.379999999999995,-0.180345708434398,-0.0153529527123968,0.37352297541198,TRUE,0.454913572891401,0.503838238178099
6,256.39,0.389999999999986,-0.191174186293784,0.0124188052846431,0.456084307348821,TRUE,0.452206453426554,0.496895298678839
6,256.4,0.399999999999977,-0.209296781800229,0.012661151516977,0.574519022343186,TRUE,0.447675804549943,0.496834712120756
6,256.41,0.410000000000025,-0.196831142012557,0.00655055657284063,0.897683645860019,TRUE,0.450792214496861,0.49836236085679
6,256.42,0.420000000000016,-0.19354197281312,0.0322046675110572,1.19187209991275,TRUE,0.45161450679672,0.491948833122236
6,256.43,0.430000000000007,-0.202017509496036,0.0451528960963326,1.57014840149618,TRUE,0.449495622625991,0.488711775975917
6,256.44,0.439999999999998,-0.201551869708364,0.0376305364463139,1.15026504184708,TRUE,0.449612032572909,0.490592365888422
6,256.45,0.449999999999989,-0.178968582861868,0.0421081767962951,0.936964644033588,TRUE,0.455257854284533,0.489472955800926
6,256.46,0.45999999999998,-0.198738237191843,0.0703505230286291,1.19061508294493,TRUE,0.450315440702039,0.482412369242843
6,256.47,0.470000000000027,-0.212154950345347,0.0927105163197867,1.08016700658437,TRUE,0.446961262413663,0.476822370920053
6,256.48,0.480000000000018,-0.217101075263557,0.108952862552121,0.829429983402751,TRUE,0.445724731184111,0.47276178436197
6,256.49,0.490000000000009,-0.206282494299414,0.108489326431514,0.984649128239938,TRUE,0.448429376425147,0.472877668392122
6,256.5,0.5,-0.213816854511741,0.112966966781495,1.428202448706,TRUE,0.446545786372065,0.471758258304626
6,256.51,0.509999999999991,-0.200410038253481,0.143326960072652,1.1728868958916,TRUE,0.44989749043663,0.464168259981837
6,256.52,0.519999999999982,-0.187238516112868,0.124981071010869,0.977312123021528,TRUE,0.453190370971783,0.468754732247283
6,256.53,0.529999999999973,-0.197831699854607,0.123341064302027,1.05937437641357,TRUE,0.450542075036348,0.469164733924493
6,256.54,0.54000000000002,-0.209130765949288,0.15323046935789,0.964943920718722,TRUE,0.447717308512678,0.461692382660528
6,256.55,0.550000000000011,-0.196429832043969,0.19464928617846,0.822351733162643,TRUE,0.450892541989008,0.451337678455385
6,256.56,0.560000000000002,-0.192434780491591,0.1704210441755,0.976163939234408,TRUE,0.451891304877102,0.457394738956125
6,256.57,0.569999999999993,-0.189851493645095,0.177486919819598,0.900930851114621,TRUE,0.452537126588726,0.4556282700451
6,256.58,0.579999999999984,-0.160209383269187,0.197023383698991,1.23463059821594,TRUE,0.459947654182703,0.450744154075252
6,256.59,0.589999999999975,-0.13527315524622,0.176559847578384,1.65949680779617,TRUE,0.466181711188445,0.455860038105404
6,256.6,0.600000000000023,-0.15386633898796,0.1822139585166,1.44935669053098,TRUE,0.46153341525301,0.45444651037085
6,256.61,0.610000000000014,-0.166341875670875,0.209279834160699,1.1243672121379,TRUE,0.458414531082281,0.447680041459825
6,256.62,0.620000000000005,-0.160935059412615,0.234228062745974,0.86906647815576,TRUE,0.459766235146846,0.441442984313506
6,256.63,0.629999999999995,-0.212234125507295,0.258470408978308,0.43212680420613,TRUE,0.446941468623176,0.435382397755423
6,256.64,0.639999999999986,-0.234121426896094,0.302242166975348,0.728258616614223,TRUE,0.441469643275977,0.424439458256163
6,256.65,0.649999999999977,-0.239302845931951,0.309778630854741,1.00533234007169,TRUE,0.440174288517012,0.422555342286315
6,256.66,0.660000000000025,-0.269425441438396,0.29449156532237,1.59248308471793,TRUE,0.432643639640401,0.426377108669408
6,256.67,0.670000000000016,-0.218136272238959,0.262498617437057,1.66017943464208,TRUE,0.44546593194026,0.434375345640736
6,256.68,0.680000000000007,-0.148729455980699,0.201329198963508,1.68335232679783,TRUE,0.462817636004825,0.449667700259123
6,256.69,0.689999999999998,-0.0812049926636153,0.210277427548784,1.93385010848275,TRUE,0.479698751834096,0.447430643112804
6,256.7,0.699999999999989,-0.0252099411112368,0.165813891428176,2.47467162983912,TRUE,0.493697514722191,0.458546527142956
6,256.71,0.70999999999998,0.0211380516176117,0.174526825895805,2.6115398177242,TRUE,0.505284512904403,0.456368293526049
6,256.72,0.720000000000027,0.0145448678758722,0.184180936834021,2.64956712481152,TRUE,0.503636216968968,0.453954765791495
6,256.73,0.730000000000018,0.0187752135458975,0.18959975365459,2.28923258003489,TRUE,0.504693803386474,0.452600061586352
6,256.74,0.740000000000009,-0.0346414996076064,0.14137151165163,1.9302982810427,TRUE,0.491339625098098,0.464657122087092
6,256.75,0.75,-0.00499938923169907,0.155260916707494,1.05519766515454,TRUE,0.498750152692075,0.461184770823126
6,256.76,0.759999999999991,-0.0153572788557913,0.129856204116299,0.278479180944112,TRUE,0.496160680286052,0.467535948970925
6,256.77,0.769999999999982,-0.0292445802445897,0.129392667995692,0.7310425599032,TRUE,0.492688854938853,0.467651833001077
6,256.78,0.779999999999973,-0.000543646339270152,0.13575266128685,1.1965887403266,TRUE,0.499864088415182,0.466061834678288
6,256.79,0.79000000000002,0.0458043463895784,0.116230301636831,1.62975687536132,TRUE,0.511451086597395,0.470942424590792
6,256.8,0.800000000000011,-0.025024131469808,0.108707941986812,1.11627195232393,TRUE,0.493743967132548,0.472823014503297
6,256.81,0.810000000000002,-0.0116173152115476,0.138362052925028,1.37112555140237,TRUE,0.497095671197113,0.465409486768743
6,256.82,0.819999999999993,-0.0544457930709338,0.147074987392656,1.03798266993879,TRUE,0.486388551732267,0.463231253151836
6,256.83,0.829999999999984,-0.111391917989144,0.145905568919108,1.12621381614577,TRUE,0.472152020502714,0.463523607770223
6,256.84,0.839999999999975,-0.158926278201472,0.165912621033795,1.13381189088445,TRUE,0.460268430449632,0.458521844741551
6,256.85,0.850000000000023,-0.1504606384138,0.182154967266129,1.56701212909281,TRUE,0.46238484039655,0.454461258183468
6,256.86,0.860000000000014,-0.150465586861421,0.195103195851405,1.10988546381708,TRUE,0.462383603284645,0.451224201037149
6,256.87,0.870000000000005,-0.107882300014926,0.196757306789621,1.09574156100705,TRUE,0.473029424996269,0.450810673302595
6,256.88,0.879999999999995,-0.108593130815488,0.224529064786661,1.27896439526587,TRUE,0.472851717296128,0.443867733803335
6,256.89,0.889999999999986,-0.0897745498513455,0.222889058077819,0.880474723299942,TRUE,0.477556362537164,0.444277735480545
6,256.9,0.899999999999977,-0.0796618512401437,0.234425521957212,0.319204314705417,TRUE,0.480084537189964,0.441393619510697
6,256.91,0.910000000000025,-0.082255034981883,0.216550221130722,0.437454313784747,TRUE,0.479436241254529,0.44586244471732
6,256.92,0.920000000000016,-0.0808482187236226,0.237027861480703,1.12981428284037,TRUE,0.479787945319094,0.440743034629824
6,256.93,0.930000000000007,-0.179206108347715,0.212093737124802,0.825298529387218,TRUE,0.455198472913071,0.4469765657188
6,256.94,0.939999999999998,-0.194505174442396,0.195630201004195,1.26016092672889,TRUE,0.451373706389401,0.451092449748951
6,256.95,0.949999999999989,-0.193568946419429,0.171637253118882,1.56252989330581,TRUE,0.451607763395143,0.45709068672028
6,256.96,0.95999999999998,-0.19851507133764,0.179644305233569,1.79037456404973,TRUE,0.45037123216559,0.455088923691608
6,256.97,0.970000000000027,-0.244637666844084,0.114004298524726,1.46259313289275,TRUE,0.438840583288979,0.471498925368818
6,256.98,0.980000000000018,-0.152642615291706,0.117776056521766,1.84890805473157,TRUE,0.461839346177073,0.470555985869558
6,256.99,0.990000000000009,-0.180882857856975,0.106253696871748,1.47734937817275,TRUE,0.454779285535756,0.473436575782063
6,257,1,-0.189593688657538,0.0829666313393758,1.27740548205766,TRUE,0.452601577835615,0.479258342165156
6,257.01,1.00999999999999,-0.205833931222807,0.08320897757171,1.61334820382438,TRUE,0.448541517194298,0.479197755607073
6,257.02,1.01999999999998,-0.175015350258665,0.0850983826275734,1.40017363444094,TRUE,0.456246162435334,0.478725404343107
6,257.03,1.02999999999997,-0.16913794576511,0.0538113170952016,0.978966580007769,TRUE,0.457715513558722,0.4865471707262
6,257.04,1.04000000000002,-0.157848776565673,0.0509948397981239,0.856019281091086,TRUE,0.460537805858582,0.487251290050469
6,257.05,1.05000000000001,-0.181618430895648,0.0557077742657521,0.802986644880894,TRUE,0.454595392276088,0.486073056433562
6,257.06,1.06,-0.165388085225622,-0.00357929126661975,0.484871030233159,TRUE,0.458652978693594,0.500894822816655
6,257.07,1.06999999999999,-0.177863621908538,0.027015996142185,0.825738274493391,TRUE,0.455534094522865,0.493246000964454
6,257.08,1.07999999999998,-0.191750923297336,0.0201995188451074,0.609751294672238,TRUE,0.452062269175666,0.494950120288723
6,257.09,1.08999999999997,-0.168226459980252,0.0249124533127356,0.539844001184531,TRUE,0.457943385004937,0.493771886671816
6,257.1,1.10000000000002,-0.163054937839639,0.0197430348391872,0.361367898386481,TRUE,0.45923626554009,0.495064241290203
6,257.11,1.11000000000001,-0.156471650993143,0.0411618516597567,0.870640971774298,TRUE,0.460882087251714,0.489709537085061
6,257.12,1.12,-0.150358952381941,0.0112865508332673,0.21130006997319,TRUE,0.462410261904515,0.497178362291683
6,257.13,1.13,-0.15624625377074,0.0207053676538367,0.386518122931231,TRUE,0.460938436557315,0.494823658086541
6,257.14,1.13999999999999,-0.146133555159538,-0.000934639055005523,0.533038042476039,TRUE,0.463466611210116,0.500233659763751
6,257.15,1.14999999999998,-0.128020856548336,0.0247194718832111,0.258716016882716,TRUE,0.467994785862916,0.493820132029197
6,257.16,1.16000000000003,-0.128496393231252,-0.0239793583550432,0.699607485617891,TRUE,0.467875901692187,0.505994839588761
6,257.17,1.17000000000002,-0.142148400502403,-0.00397230624035618,0.152109092625147,TRUE,0.464462899874399,0.500993076560089
6,257.18,1.18000000000001,-0.135800407773555,0.0332112164625661,0.35138210420529,TRUE,0.466049898056611,0.491697195884358
6,257.19,1.19,-0.146864179750589,0.0579241509301943,0.385901771099695,TRUE,0.463283955062353,0.485518962267451
6,257.2,1.19999999999999,-0.171104422315857,0.0532253206919402,0.502960082909205,TRUE,0.457223894421036,0.486693669827015
6,257.21,1.20999999999998,-0.186638782528185,0.0929970786889802,0.558932541867468,TRUE,0.453340304367954,0.476750730327755
6,257.22,1.22000000000003,-0.164526083916983,0.055827660215432,0.997666541717732,TRUE,0.458868479020754,0.486043084946142
6,257.23,1.23000000000002,-0.141942797070487,0.0490111829183544,0.611084206146445,TRUE,0.464514300732378,0.487747204270411
6,257.24,1.24000000000001,-0.125712451400462,0.0501947056212766,0.288395272979693,TRUE,0.468571887149885,0.487451323594681
6,257.25,1.25,-0.0981879880833777,0.0266723459712576,0.126399299116864,TRUE,0.475453002979156,0.493331913507186
6,257.26,1.25999999999999,-0.0666635247662938,0.0207970451447682,0.136904613069906,TRUE,0.483334118808427,0.494800738713808
6,257.27,1.26999999999998,-0.0687861202727394,0.0680982149065141,0.400224911930992,TRUE,0.482803469931815,0.482975446273371
6,257.28,1.27999999999997,-0.0866734216615377,0.0339876199623776,0.452607425191038,TRUE,0.478331644584616,0.491503095009406
6,257.29,1.29000000000002,-0.110678370109159,0.0525829073711824,0.746319843829509,TRUE,0.47233040747271,0.486854273157204
6,257.3,1.30000000000001,-0.156565671497958,0.0678840771329284,0.964655786341506,TRUE,0.460858582125511,0.483028980716768
6,257.31,1.31,-0.180100031710285,0.0653028939534979,0.731630750854717,TRUE,0.454974992072429,0.483674276511626
6,257.32,1.31999999999999,-0.176104980157907,0.050251122538773,0.68706212878199,TRUE,0.455973754960523,0.487437219365307
6,257.33,1.32999999999998,-0.114933458017294,0.0514346452416953,0.710654971783885,TRUE,0.471266635495677,0.487141338689576
6,257.34,1.33999999999997,-0.0725854652884451,0.00508875617991169,0.680478253907107,TRUE,0.481853633677889,0.498727810955022
6,257.35,1.35000000000002,-0.0245904137360668,0.0180369847651868,1.21233958493986,TRUE,0.493852396565983,0.495490753808703
6,257.36,1.36000000000001,-0.0182424210072178,0.0359263898210504,1.71753983751762,TRUE,0.495439394748196,0.491018402544737
6,257.37,1.37,0.00881145407457176,0.0168746184063258,2.10605873552043,TRUE,0.502202863518643,0.495781345398419
6,257.38,1.38,-0.00460525907893192,0.0234699058151305,1.91090439180072,TRUE,0.498848685230267,0.494132523546217
6,257.39,1.38999999999999,-0.0121396192912595,0.0408887226356999,1.54474548822453,TRUE,0.496965095177185,0.489777819341075
6,257.4,1.39999999999998,0.0226789616728833,0.0526604806327399,1.35263748507538,TRUE,0.505669740418221,0.486834879841815
6,257.41,1.41000000000003,0.0304387191076142,0.0947851798062501,0.897194335201166,TRUE,0.507609679776904,0.476303705048437
6,257.42,1.42000000000002,0.0485514177188161,0.10255693780329,0.989545253047461,TRUE,0.512137854429704,0.474360765549177
6,257.43,1.43000000000001,0.0221935280947235,0.11997575462386,0.912055304859151,TRUE,0.505548382023681,0.470006061344035
6,257.44,1.44,0.0313650502353369,0.137865159679723,1.00013344021048,TRUE,0.507841262558834,0.465533710080069
6,257.45,1.44999999999999,0.0250071606112446,0.117401623559116,1.08622905848016,TRUE,0.506251790152811,0.470649594110221
6,257.46,1.45999999999998,0.0440610356930346,0.0889380874385091,0.90989220858661,TRUE,0.511015258923259,0.477765478140373
6,257.47,1.47000000000003,0.0120560872454124,0.140474551317902,0.307996851025081,TRUE,0.503014021811353,0.464881362170525
6,257.48,1.48000000000002,0.0433452564448494,0.111069838726707,0.361833908665424,TRUE,0.510836314111212,0.472232540318323
6,257.49,1.49000000000001,0.024987366820757,0.129429832017864,1.03033432486469,TRUE,0.506246841705189,0.467642541995534
6,257.5,1.5,0.0214530066084293,0.155554531191375,1.36339209369675,TRUE,0.505363251652107,0.461111367202156
6,257.51,1.50999999999999,-0.040669588898016,0.130149818600179,1.63694824469679,TRUE,0.489832602775496,0.467462545349955
6,257.52,1.51999999999998,0.0190901685367152,0.0628627530678076,0.967726573046011,TRUE,0.504772542134179,0.484284311733048
6,257.53,1.52999999999997,0.0602616906773289,0.0645168640060241,0.984383006577071,TRUE,0.515065422669332,0.483870783998494
6,257.54,1.54000000000002,0.0884920363473544,0.028053327885417,0.512129436305856,TRUE,0.522123009086839,0.492986668028646
6,257.55,1.55000000000001,0.105663558487968,0.00758979176480992,0.614575662275084,TRUE,0.526415889621992,0.498102552058797
6,257.56,1.56,0.178129198275639,0.0226556674089087,0.886596313590079,TRUE,0.54453229956891,0.494336083147773
6,257.57,1.56999999999999,0.143300720416253,0.0504274254059487,1.13053927663112,TRUE,0.535825180104063,0.487393143648513
6,257.58,1.57999999999998,0.103766360203925,0.0829050657559296,0.403193499899737,TRUE,0.525941590050981,0.479273733561018
6,257.59,1.58999999999997,0.0882319999915971,0.0770297649294402,0.432587716146077,TRUE,0.522057999997899,0.48074255876764
6,257.6,1.60000000000002,0.0639917574263286,0.0742132876323627,0.741458726884926,TRUE,0.515997939356582,0.481446678091909
6,257.61,1.61000000000001,0.0616338678022363,0.066690927982344,0.890127155515852,TRUE,0.515408466950559,0.483327268004414
6,257.62,1.62,0.0477465664134378,0.042697980097031,1.57386893787776,TRUE,0.51193664160336,0.489325504975742
6,257.63,1.63,0.0279769120834633,0.0194109145646593,1.16147332162775,TRUE,0.506994228020866,0.495147271358835
6,257.64,1.63999999999999,0.0147954930476061,0.0504767902087581,0.620581288129938,TRUE,0.503698873261902,0.48738080244781
6,257.65,1.64999999999998,0.0145552504823371,0.0624838423234451,0.654152364651646,TRUE,0.503638812620584,0.484379039419139
6,257.66,1.66000000000003,0.0209032432111862,0.0566085414969557,0.500165181913174,TRUE,0.505225810802796,0.485847864625761
6,257.67,1.67000000000002,0.00795711829297617,0.0544979465528193,0.295480699617186,TRUE,0.501989279573244,0.486375513361795
6,257.68,1.68000000000001,0.015716875727707,0.0436814692557416,0.286131961144422,TRUE,0.503929218931927,0.489079632686065
6,257.69,1.69,0.0467707508094971,0.045335580193958,0.552515956567709,TRUE,0.511692687702374,0.48866610495151
6,257.7,1.69999999999999,0.0707658023618755,0.00722498524982154,0.498671757627948,TRUE,0.517691450590469,0.498193753687545
6,257.71,1.70999999999998,0.0585255597966064,0.0194673314821555,0.454105718453769,TRUE,0.514631389949152,0.495133167129461
6,257.72,1.72000000000003,0.0822853172313376,0.0415920306556661,0.942508837704993,TRUE,0.520571329307834,0.489601992336083
6,257.73,1.73000000000002,0.0636921334895984,0.0698343768880003,0.881159861820445,TRUE,0.5159230333724,0.482541405778
6,257.74,1.74000000000001,0.0563930673949177,0.073135546649746,0.814178377908812,TRUE,0.514098266848729,0.481716113337563
6,257.75,1.75,0.0474469424767069,0.0945543634703153,1.17884299137672,TRUE,0.511861735619177,0.476361409132421
6,257.76,1.75999999999999,0.0335596410879088,0.108679062643826,1.97181124732017,TRUE,0.508389910271977,0.472830234339044
6,257.77,1.76999999999998,-0.00785707206559536,0.156215526523219,1.7154166049798,TRUE,0.498035731983601,0.460946118369195
6,257.78,1.77999999999997,0.0239026853691357,0.150104931579082,1.90354346941428,TRUE,0.505975671342284,0.462473767105229
6,257.79,1.79000000000002,0.0255447957450432,0.132700218987887,1.85161831898478,TRUE,0.506386198936261,0.466824945253028
6,257.8,1.80000000000001,0.00271631788565685,0.167295506396692,1.27333434310854,TRUE,0.500679079471414,0.458176123400827
6,257.81,1.81,-0.0107003952678472,0.208243734981967,0.921378194043092,TRUE,0.497324901183038,0.447939066254508
6,257.82,1.81999999999999,0.013059362166884,0.202603728273125,0.99277729933447,TRUE,0.503264840541721,0.449349067931719
6,257.83,1.82999999999998,-0.0111808803983848,0.228963721564283,1.05043168014323,TRUE,0.497204779900404,0.442759069608929
6,257.84,1.83999999999997,-0.00271524061071276,0.262382538384852,0.565644460203165,TRUE,0.499321189847322,0.434404365403787
6,257.85,1.85000000000002,0.0424562815299009,0.212507237558362,0.919775461946898,TRUE,0.510614070382475,0.446873190610409
6,257.86,1.86000000000001,0.0817454507293377,0.189926054378932,0.668686610539339,TRUE,0.520436362682334,0.452518486405267
6,257.87,1.87,0.0850346199287746,0.20499193002303,0.50009804621982,TRUE,0.521258654982194,0.448752017494242
6,257.88,1.88,0.102441436187035,0.190646040961247,0.626754081581444,TRUE,0.525610359046759,0.452338489759688
6,257.89,1.88999999999999,0.0647894289158842,0.197006034252405,0.836757719785368,TRUE,0.516197357228971,0.450748491436899
6,257.9,1.89999999999998,0.0572550687035562,0.228777792249445,1.3574060838767,TRUE,0.514313767175889,0.442805551937639
6,257.91,1.91000000000003,0.0546618849618166,0.219373079658249,1.58403697202792,TRUE,0.513665471240454,0.445156730085438
6,257.92,1.92000000000002,-0.0549901223093343,0.175615425890583,0.928532573605403,TRUE,0.486252469422666,0.456096143527354
6,257.93,1.93000000000001,-0.0467597766393091,0.168328360358212,1.28984009979025,TRUE,0.488310055840173,0.457917909910447
6,257.94,1.94,-0.0538235486163426,0.147394236002311,1.21861949621924,TRUE,0.486544112845914,0.463151440999422
6,257.95,1.94999999999999,-0.0634755558874936,0.125989523411115,1.26778851135272,TRUE,0.484131111028127,0.468502619147221
6,257.96,1.95999999999998,-0.105127563158645,0.119878928466979,1.42006274088152,TRUE,0.473718109210339,0.470030267883255
6,257.97,1.97000000000003,-0.0126619233709722,0.150944804111077,1.49472936375066,TRUE,0.496834519157257,0.462263798972231
6,257.98,1.98000000000002,-0.0505492247597704,0.163187150343411,0.898844463282485,TRUE,0.487362693810057,0.459203212414147
6,257.99,1.99000000000001,-0.0211424085015103,0.138723614222804,0.348575190019164,TRUE,0.494714397874622,0.465319096444299
6,258,2,-0.0609120628314852,0.136613019278668,0.290729686640811,TRUE,0.484771984292129,0.465846745180333
6,258.01,2.00999999999999,-0.0369170112791071,0.104149483158061,0.64330018176246,TRUE,0.490770747180223,0.473962629210485
6,258.02,2.01999999999998,-0.0239807832561407,0.0749800646845125,1.07994808849134,TRUE,0.494004804185965,0.481254983828872
6,258.03,2.02999999999997,-0.0244563199390566,0.0815753520933171,0.209573395685002,TRUE,0.493885920015236,0.479606161976671
6,258.04,2.04000000000002,-0.0595200919160899,0.132170639502122,0.331723853697031,TRUE,0.485119977020978,0.46695734012447
6,258.05,2.05000000000001,-0.021877981540182,0.14888357396975,1.07539637434673,TRUE,0.494530504614955,0.462779106507562
6,258.06,2.06,-0.0150594005760389,0.177596508437378,0.865249362875678,TRUE,0.49623514985599,0.455600872890655
6,258.07,2.06999999999999,-0.0303584666707195,0.212191795846183,0.938928242050675,TRUE,0.49241038333232,0.446952051038454
6,258.08,2.07999999999998,-0.0153045915889297,0.173845906784399,1.83535262256615,TRUE,0.496173852102768,0.4565385233039
6,258.09,2.08999999999997,-0.0207213047424339,0.184205900075557,1.71982204336774,TRUE,0.494819673814392,0.453948524981111
6,258.1,2.10000000000002,-0.0993144884841733,0.227507069837303,0.978875155589774,TRUE,0.475171377878957,0.443123232540674
6,258.11,2.11000000000001,-0.113437083990619,0.215984710187284,1.20699211864313,TRUE,0.471640729002345,0.446003822453179
6,258.12,2.12,-0.0863832089088287,0.194815291713736,1.31837046329404,TRUE,0.478404197772793,0.451296177071566
6,258.13,2.13,-0.137917569121156,0.241645873240188,0.742597577854919,TRUE,0.465520607719711,0.439588531689953
6,258.14,2.13999999999999,-0.138863694039366,0.232241160648992,0.739717701297628,TRUE,0.465284076490158,0.441939709837752
6,258.15,2.14999999999998,-0.100986289545812,0.231542330410738,0.903269244655781,TRUE,0.474753427613547,0.442114417397316
6,258.16,2.16000000000003,-0.0962853556404927,0.258843500172484,0.305781034736975,TRUE,0.475928661089877,0.435289124956879
6,258.17,2.17000000000002,-0.128055009970467,0.2684976111107,0.0701974588316489,TRUE,0.467986247507383,0.432875597222325
6,258.18,2.18000000000001,-0.0904128995945598,0.267563486754799,0.409732085323301,TRUE,0.47739677510136,0.4331091283113
6,258.19,2.19,-0.0701825539245348,0.233923480045957,0.49946717152069,TRUE,0.482454361518866,0.441519129988511
6,258.2,2.19999999999999,-0.113481620019215,0.21981288510182,0.722172097647583,TRUE,0.471629594995196,0.445046778724545
6,258.21,2.20999999999998,-0.127604215525661,0.245702290157684,0.417820746029787,TRUE,0.468098946118585,0.438574427460579
6,258.22,2.22000000000003,-0.111138575737989,0.2233564010959,0.641247000129694,TRUE,0.472215356065503,0.444160899726025
6,258.23,2.23000000000002,-0.108319994773846,0.234186982622352,0.247256470996339,TRUE,0.472920001306539,0.441453254344412
6,258.24,2.24000000000001,-0.130442590280291,0.296076387678215,0.111155918690082,TRUE,0.467389352429927,0.425980903080446
6,258.25,2.25,-0.0897416563749712,0.29467167508702,0.396513529249943,TRUE,0.477564585906257,0.426332081228245
6,258.26,2.25999999999999,-0.100805428352005,0.277502256613472,0.713093517466314,TRUE,0.474798642911999,0.430624435846632
6,258.27,2.26999999999998,-0.121280965034921,0.324803426375218,0.728469571336055,TRUE,0.46967975874127,0.418799143406196
6,258.28,2.27999999999997,-0.116344737011955,0.293045772607552,0.464509457945564,TRUE,0.470913815747011,0.426738556848112
6,258.29,2.29000000000002,-0.101526156047812,0.262464589428121,0.446692260680353,TRUE,0.474618460988047,0.43438385264297
6,258.3,2.30000000000001,-0.0535311044954334,0.274236347425161,1.25906276590362,TRUE,0.486617223876142,0.43144091314371
6,258.31,2.31,-0.0464772294136431,0.260596340716319,0.97002920504285,TRUE,0.488380692646589,0.43485091482092
6,258.32,2.31999999999999,-0.0490704131553823,0.229779863419241,0.997329920296886,TRUE,0.487732396711154,0.44255503414519
6,258.33,2.32999999999998,-0.0747224204265336,0.25919868023981,1.25473999498223,TRUE,0.481319394893367,0.435200329940047
6,258.34,2.33999999999997,-0.0763744276976848,0.196852791178027,0.502003158717008,TRUE,0.480906393075579,0.450786802205493
6,258.35,2.35000000000002,-0.119202905557071,0.158036313880949,0.186939049499499,TRUE,0.470199273610732,0.460490921529763
6,258.36,2.36000000000001,-0.0961490304752818,0.18816101305446,0.631803725522729,TRUE,0.47596274238118,0.452959746736385
6,258.37,2.37,-0.0775657436287865,0.170285712227971,0.805072295999862,TRUE,0.480608564092803,0.457428571943007
6,258.38,2.38,-0.0700412803117026,0.196645705519128,0.972639399693493,TRUE,0.482489679922074,0.450838573620218
6,258.39,2.38999999999999,-0.126516816994619,0.238770404692639,0.749566536495795,TRUE,0.468370795751345,0.44030739882684
6,258.4,2.39999999999998,-0.122051177206946,0.263718633277914,0.288835569677739,TRUE,0.469487205698263,0.434070341680521
6,258.41,2.41000000000003,-0.116644360948685,0.245137450098484,0.19521624409695,TRUE,0.470838909762829,0.438715637475379
6,258.42,2.42000000000002,-0.134061074102189,0.247497443389641,0.199110681758777,TRUE,0.466484731474453,0.43812563915259
6,258.43,2.43000000000001,-0.148889551961576,0.191269201386681,0.197608211442649,TRUE,0.462777612009606,0.45218269965333
6,258.44,2.44,-0.0896003827621389,0.178099782913133,0.545689071290602,TRUE,0.477599904309465,0.455475054271717
6,258.45,2.44999999999999,-0.107958272386231,0.193400952674879,1.4807053875052,TRUE,0.473010431903442,0.45164976183128
6,258.46,2.45999999999998,-0.139963220833853,0.163525651848389,1.42553598830716,TRUE,0.465009194791537,0.459118587037903
6,258.47,2.47000000000003,-0.094085816340299,0.166356233374841,1.34507180947777,TRUE,0.476478545914925,0.45841094165629
6,258.48,2.48000000000002,-0.0872672353761558,0.150833873724822,1.40197879025038,TRUE,0.478183191155961,0.462291531568794
6,258.49,2.49000000000001,-0.0870368897061308,0.139076219957156,0.805967515398338,TRUE,0.478240777573467,0.465230945010711
6,258.5,2.5,-0.0468065440361052,0.0967303308953726,0.488652907355765,TRUE,0.488298363990974,0.475817417276157
6,258.51,2.50999999999999,-0.0686938454249031,0.116266794774765,0.605858852177665,TRUE,0.482826538643774,0.470933301306309
6,258.52,2.51999999999998,-0.113404676225466,0.0972150233600406,0.419420270147342,TRUE,0.471648830943634,0.47569624415999
6,258.53,2.52999999999997,-0.108939036437794,0.0953397225335511,0.480349237266072,TRUE,0.472765240890552,0.476165069366612
6,258.54,2.54000000000002,-0.104708690767768,0.11440559817765,0.49769747993278,TRUE,0.473822827308058,0.471398600455588
6,258.55,2.55000000000001,-0.12636069803892,0.138883238527631,0.518264545094952,TRUE,0.46840982549027,0.465279190368092
6,258.56,2.56,-0.10095388178066,0.127125584759965,0.496904142311547,TRUE,0.474761529554835,0.468218603810009
6,258.57,2.56999999999999,-0.102370594934164,0.136779695698182,0.822130459215344,TRUE,0.474407351266459,0.465805076075455
6,258.58,2.57999999999998,-0.0600226022053153,0.125963218401104,0.548937805441246,TRUE,0.484994349448671,0.468509195399724
6,258.59,2.58999999999997,-0.0875569624176429,0.0960879175746145,0.851627382490384,TRUE,0.478110759395589,0.475978020606346
6,258.6,2.60000000000002,-0.113914852041735,0.0888008520422428,1.25404659677374,TRUE,0.471521286989566,0.477799786989439
6,258.61,2.61000000000001,-0.0802727416658279,0.053513786509871,1.28264137206759,TRUE,0.479931814583543,0.486621553372532
6,258.62,2.62,-0.0546306312899201,0.0269326033304404,1.14317550776771,TRUE,0.48634234217752,0.49326684916739
6,258.63,2.63,-0.0779296973846005,0.0483514201510099,1.04856894796235,TRUE,0.48051757565385,0.487912144962248
6,258.64,2.63999999999999,-0.016052292891046,0.0831820016774618,0.325150704449288,TRUE,0.495986926777238,0.479204499580635
6,258.65,2.64999999999998,0.028413346896626,0.0782478773215607,0.261397462355867,TRUE,0.507103336724157,0.48043803066961
6,258.66,2.66000000000003,0.0133495749195927,0.119196105906836,0.32342893019384,TRUE,0.503337393729898,0.470200973523291
6,258.67,2.67000000000002,0.0246387441190294,0.120850216845052,0.743650954103197,TRUE,0.506159686029757,0.469787445788737
6,258.68,2.68000000000001,0.00839850155376034,0.104621974842092,0.954044775861262,TRUE,0.50209962538844,0.473844506289477
6,258.69,2.69,-0.0389005645409203,0.0970996151920735,0.591368297900695,TRUE,0.49027485886477,0.475725096201982
6,258.7,2.69999999999999,-0.0591408071061888,0.091694902600878,1.29654291463176,TRUE,0.485214798223453,0.47707627434978
6,258.71,2.70999999999998,-0.0956163437891046,0.0582901900096827,1.69486475914845,TRUE,0.476095914052724,0.485427452497579
6,258.72,2.72000000000003,-0.150209527530844,0.0959443009478992,1.40765034300152,TRUE,0.462447618117289,0.476013924763025
6,258.73,2.73000000000002,-0.133273299507877,0.0964219412978805,1.48383730677917,TRUE,0.466681675123031,0.47589451467553
6,258.74,2.74000000000001,-0.140101777367263,0.0674878169419793,1.34137069031695,TRUE,0.464974555658184,0.483128045764505
6,258.75,2.75,-0.157753784638415,0.0670242808213722,1.03549008390628,TRUE,0.460561553840396,0.483243929794657
6,258.76,2.75999999999999,-0.157994027203684,0.075031332936059,0.902937553551535,TRUE,0.460501493199079,0.481242166765985
6,258.77,2.76999999999998,-0.139881328592483,0.0969207379919226,0.80334827675462,TRUE,0.465029667851879,0.475769815502019
6,258.78,2.77999999999997,-0.138474512334222,0.126810143047786,0.599061791557696,TRUE,0.465381371916444,0.468297464238054
6,258.79,2.79000000000002,-0.131420637252432,0.151758371633061,0.71978759479358,TRUE,0.467144840686892,0.462060407091735
6,258.8,2.80000000000001,-0.118484409229466,0.178588953159513,0.72714189834065,TRUE,0.470378897692633,0.455352761710122
6,258.81,2.81,-0.0951952400300289,0.184243064097729,1.16384686240114,TRUE,0.476201189992493,0.453939233975568
6,258.82,2.81999999999999,-0.121317835536474,0.142838351506534,0.825155221336445,TRUE,0.469670541115882,0.464290412123367
6,258.83,2.82999999999998,-0.154969842807625,0.161668933032986,0.55346982280613,TRUE,0.461257539298094,0.459582766741754
6,258.84,2.83999999999997,-0.1627394971376,0.16991127926532,0.419854536246497,TRUE,0.4593151257156,0.45752218018367
6,258.85,2.85000000000002,-0.183215033820516,0.134859507850595,0.577281614778388,TRUE,0.454196241544871,0.466285123037351
6,258.86,2.86000000000001,-0.23263174697402,0.170866559965282,1.01492218328043,TRUE,0.441842063256495,0.457283360008679
6,258.87,2.87,-0.204871989539289,0.152755965021146,1.25007418174749,TRUE,0.448782002615178,0.461811008744714
6,258.88,2.88,-0.200641643869264,0.100763017135833,0.898279722125109,TRUE,0.449839589032684,0.474809245716042
6,258.89,2.88999999999999,-0.183705415846297,0.117475951603461,1.21011145971204,TRUE,0.454073646038426,0.470631012099135
6,258.9,2.89999999999998,-0.187239776058625,0.121483003718148,1.0256726443971,TRUE,0.453190055985344,0.469629249070463
6,258.91,2.91000000000003,-0.201832959800365,0.1043135852446,0.342887913617283,TRUE,0.449541760049909,0.47392160368885
6,258.92,2.92000000000002,-0.216190849424457,0.118908872653404,0.38254358542498,TRUE,0.445952287643886,0.470272781836649
6,258.93,2.93000000000001,-0.219489915519137,0.131621807121033,0.281648164419765,TRUE,0.445127521120216,0.467094548219742
6,258.94,2.94,-0.278318393378524,0.11162885923572,0.30269309006665,TRUE,0.430420401655369,0.47209278519107
6,258.95,2.94999999999999,-0.268440988884969,0.130459440762172,NA,FALSE,0.432889752778758,0.467385139809457
6,258.96,2.95999999999998,-0.220445937332591,0.128819434053329,NA,FALSE,0.444888515666852,0.467795141486668
6,258.97,2.97000000000003,-0.230803826956684,0.128826486168016,NA,FALSE,0.442299043260829,0.467793378457996
6,258.98,2.98000000000002,-0.204926422463129,0.121774714753292,NA,FALSE,0.448768394384218,0.469556321311677
6,258.99,2.99000000000001,-0.204931370910751,0.133781766867978,NA,FALSE,0.448767157272312,0.466554558283005
7,384,0,0.20285514419244,0.0353520172765048,NA,FALSE,0.55071378604811,0.491161995680874
7,384.01,0.0099999999999909,0.165909019274229,0.0438296576264859,NA,FALSE,0.541477254818557,0.489042585593379
7,384.02,0.0199999999999818,0.148021717885431,0.00736612150587881,NA,FALSE,0.537005429471358,0.49815846962353
7,384.03,0.0299999999999727,0.146369710614279,0.00760846773821289,NA,FALSE,0.53659242765357,0.498097883065447
7,384.04,0.0400000000000205,0.167541232754893,0.0214978727940764,NA,FALSE,0.541885308188723,0.494625531801481
7,384.05,0.0500000000000114,0.164477460777859,0.0127990425558222,NA,FALSE,0.541119365194465,0.496800239361044
7,384.06,0.0600000000000023,0.124001924094943,0.00245315349403867,0.683185217099623,TRUE,0.531000481023736,0.49938671162649
7,384.07,0.0699999999999932,0.131291093294381,0.0370484409028434,0.511102493019154,TRUE,0.532822773323595,0.490737889774289
7,384.08,0.0799999999999841,0.123050850729112,0.0542319636057655,0.678080260035237,TRUE,0.530762712682278,0.486442009098559
7,384.09,0.089999999999975,0.0933988434579611,0.0589448980733938,0.698582291457977,TRUE,0.52334971086449,0.485263775481652
7,384.1,0.100000000000023,0.0992762479515157,0.0885990090116103,0.807102528506153,TRUE,0.524819061987879,0.477850247747097
7,384.11,0.110000000000014,0.141153652445071,0.0782531199498267,1.00448718215686,TRUE,0.535288413111268,0.480436720012543
7,384.12,0.120000000000005,0.119736939291566,0.0759072308880432,0.614340925045063,TRUE,0.529934234822892,0.481023192277989
7,384.13,0.129999999999995,0.127967284961592,0.0792084006497891,0.730813739228056,TRUE,0.531991821240398,0.480197899837553
7,384.14,0.139999999999986,0.119727042396323,0.0796860409997702,0.901885015185487,TRUE,0.529931760599081,0.480078489750057
7,384.15,0.149999999999977,0.0900750351251709,0.0648695637026925,0.497873643025891,TRUE,0.522518758781293,0.483782609074327
7,384.16,0.160000000000025,0.0681877337363726,0.0669942628762032,0.804522923641165,TRUE,0.517046933434093,0.483251434280949
7,384.17,0.170000000000016,0.0806533735240446,0.0542954326379491,1.24598360290687,TRUE,0.520163343381011,0.486426141840513
7,384.18,0.180000000000007,0.0568837191940698,0.0674789553408713,1.21983277346373,TRUE,0.514220929798517,0.483130261164782
7,384.19,0.189999999999998,0.0241728883935068,0.062309536867323,1.47022550439195,TRUE,0.506043222098377,0.484422615783169
7,384.2,0.199999999999989,0.0396973517105913,0.0481989419231866,1.54896947535817,TRUE,0.509924337927648,0.487950264519203
7,384.21,0.20999999999998,0.0154571091453224,0.0602059940378736,1.70012884698714,TRUE,0.503864277286331,0.484948501490532
7,384.22,0.220000000000027,0.00462863128593583,0.0903306932113841,1.28208977879959,TRUE,0.501157157821484,0.477417326697154
7,384.23,0.230000000000018,-0.01184690539698,0.04963186297313,1.26621984006289,TRUE,0.497038273650755,0.487592034256717
7,384.24,0.240000000000009,-0.0337342067857783,0.0764624444995818,0.872491465505498,TRUE,0.491566448303555,0.480884388875105
7,384.25,0.25,-0.0504450375863417,0.0882342024966215,0.470278086204328,TRUE,0.487388740603415,0.477941449375845
7,384.26,0.259999999999991,-0.0968029272104342,0.0720059604936615,0.222724885223206,TRUE,0.475799268197391,0.481998509876585
7,384.27,0.269999999999982,-0.0723372874227614,0.0550718361377603,0.3488351158417,TRUE,0.48191567814431,0.48623204096556
7,384.28,0.279999999999973,-0.0568128241056773,0.0767259470759768,0.414155265556988,TRUE,0.485796793973581,0.480818513231006
7,384.29,0.29000000000002,-0.0332883607885932,0.0346153521318405,0.9162323729878,TRUE,0.491677909802852,0.49134616196704
7,384.3,0.300000000000011,-0.0271756621773914,0.0560341689524099,0.721290908421196,TRUE,0.493206084455652,0.485991457761898
7,384.31,0.310000000000002,0.0323488011396925,0.071570632831803,0.547041924153218,TRUE,0.508087200284923,0.482107341792049
7,384.32,0.319999999999993,0.00175561739795285,0.0960482731817843,4.89531977373134,FALSE,0.500438904349488,0.475987931704554
7,384.33,0.329999999999984,-0.0222493310496695,0.127114148825883,4.60705217071727,FALSE,0.494437667237583,0.468221462793529
7,384.34,0.339999999999975,-0.0111954559678793,0.150415318587629,4.59496055895287,FALSE,0.49720113600803,0.462396170353093
7,384.35,0.350000000000023,-0.059906286768442,0.151363547172904,3.91236149312776,FALSE,0.48502342830789,0.462159113206774
7,384.36,0.360000000000014,-0.0674406469807696,0.145958834581709,3.70420068408061,FALSE,0.483139838254808,0.463510291354573
7,385.09,1.08999999999997,0.262786351636956,-0.328820478693197,0.0485281577351132,FALSE,0.565696587909239,0.582205119673299
7,385.1,1.10000000000002,0.299251991424628,-0.289519308931451,3.94090759889936,FALSE,0.574812997856157,0.572379827232863
7,385.11,1.11000000000001,0.313835278271124,-0.266924021522646,4.2111839942538,FALSE,0.578458819567781,0.566731005380661
7,385.12,1.12,0.319006800411737,-0.212564028231488,4.60463688674439,FALSE,0.579751700102934,0.553141007057872
7,385.13,1.13,0.299237146081763,-0.18785109376386,5.07271826745562,FALSE,0.574809286520441,0.546962773440965
7,385.14,1.13999999999999,0.298291021163552,-0.213255806355055,4.78138741422528,FALSE,0.574572755290888,0.553313951588764
7,385.15,1.14999999999998,0.300874308010048,-0.217719342475663,1.02924595666733,FALSE,0.575218577002512,0.554429835618916
7,385.16,1.16000000000003,0.299457594856543,-0.20618287859627,0.673881180943731,FALSE,0.574864398714136,0.551545719649067
7,385.17,1.17000000000002,0.302982058173627,-0.246881708834524,0.82286818921071,FALSE,0.575745514543407,0.561720427208631
7,385.18,1.18000000000001,0.332859462667182,-0.24499230377866,0.252225797303462,FALSE,0.583214865666796,0.561248075944665
7,385.19,1.19,0.318736867160737,-0.211102898722797,0.239398310883014,FALSE,0.579684216790184,0.552775724680699
7,385.2,1.19999999999999,0.305084859889586,-0.223801728961051,NA,FALSE,0.576271214972396,0.555950432240263
7,385.21,1.20999999999998,0.289550499677258,-0.216029970964011,NA,FALSE,0.572387624919315,0.554007492741003
7,385.22,1.22000000000003,0.332604374759048,-0.178375860025795,NA,FALSE,0.583151093689762,0.544593965006449
7,385.23,1.23000000000002,0.300364132193779,-0.192015866734637,NA,FALSE,0.575091033048445,0.548003966683659
7,385.24,1.24000000000001,0.31377094845204,-0.165891167561126,NA,FALSE,0.57844273711301,0.541472791890282
